tweet_id,retweet_count,favorite_count,tweet_length,hashtags
892420643555336193,8853,39467,85,
892177421306343426,6514,33819,138,
891815181378084864,4328,25461,121,
891689557279858688,8964,42908,79,
891327558926688256,9774,41048,138,BarkWeek
891087950875897856,3261,20562,138,BarkWeek
890971913173991426,2158,12041,140,
890729181411237888,16716,56848,118,
890609185150312448,4429,28226,122,BarkWeek
890240255349198849,7711,32467,133,
890006608113172480,7624,31166,130,BarkWeek
889880896479866881,5156,28268,107,
889665388333682689,8538,38818,106,
889638837579907072,4735,27672,91,
889531135344209921,2321,15359,118,BarkWeek
889278841981685760,5637,25652,138,BarkWeek
888917238123831296,4709,29611,86,
888804989199671297,4559,26080,128,
888554962724278272,3732,20290,87,
888078434458587136,3653,22201,127,
887705289381826560,5609,30779,127,
887517139158093824,12082,46959,108,
887473957103951883,18781,69871,99,
887343217045368832,10737,34222,88,
887101392804085760,6167,31061,129,
886983233522544640,8084,35859,101,
886736880519319552,3443,12306,121,
886680336477933568,4610,22798,71,
886366144734445568,3316,21524,131,
886267009285017600,4,117,105,
886258384151887873,6523,28469,94,
886054160059072513,108,0,50,BATP
885984800019947520,7097,33382,140,
885528943205470208,6683,36689,109,
885518971528720385,3899,20788,47,
885311592912609280,19297,0,133,
885167619883638784,4556,22367,134,
884925521741709313,16439,68152,93,
884876753390489601,6096,28514,118,
884562892145688576,5100,24765,66,
884441805382717440,5856,27478,136,
884247878851493888,21298,74423,104,
884162670584377345,3128,20771,140,
883838122936631299,3586,22349,137,
883482846933004288,10407,46860,112,
883360690899218434,3825,22986,139,
883117836046086144,6949,37914,111,
882992080364220416,4122,24445,108,
882762694511734784,5134,28903,114,
882627270321602560,6342,28382,136,
882268110199369728,12118,45880,114,
882045870035918850,5203,29900,133,
881906580714921986,3533,24773,67,
881666595344535552,11099,51522,115,
881633300179243008,7,129,91,
881536004380872706,16570,50199,130,
881268444196462592,5358,23501,138,Canada150
880935762899988482,2886,17346,72,
880872448815771648,3989,21734,137,
880465832366813184,6546,29075,114,
880221127280381952,4436,27640,108,
880095782870896641,4533,28150,129,
879862464715927552,3642,22667,91,
879674319642796034,10,315,31,
879492040517615616,3323,23822,90,
879415818425184262,45849,107956,82,
879376492567855104,3261,17099,125,
879130579576475649,7181,0,140,
879050749262655488,4941,23022,132,
879008229531029506,2812,19317,94,
878776093423087618,4319,19763,126,"PrideMonthPuppo,PrideMonth"
878604707211726852,7582,30931,45,
878404777348136964,1349,0,140,
878316110768087041,6965,0,140,
878281511006478336,1349,7913,140,
878057613040115712,7181,42876,115,
877736472329191424,17300,71144,93,
877611172832227328,83,0,122,
877556246731214848,3994,23258,139,
877316821321428993,5414,27907,137,
877201837425926144,5880,27755,128,
876838120628539392,3506,21125,125,
876537666061221889,4800,23869,117,
876484053909872640,2511,19163,127,
876120275196170240,4903,28490,140,
875747767867523072,4497,25773,125,
875144289856114688,5081,22185,133,
875097192612077568,6342,27997,96,
875021211251597312,4922,26022,115,
874680097055178752,4875,28439,92,
874434818259525634,15546,0,140,
874296783580663808,4308,26651,114,
874057562936811520,4125,23134,129,
874012996292530176,11007,35501,139,PrideMonth
873697596434513921,12518,0,137,
873580283840344065,4143,24837,135,
873337748698140672,1667,0,140,
873213775632977920,1667,7467,140,
872967104147763200,5669,28031,132,
872820683541237760,3884,15029,140,dogsatpollingstations
872668790621863937,31,0,140,
872620804844003328,3911,21309,116,PrideMonth
872486979161796608,9429,41606,133,
872261713294495745,6649,35085,138,
872122724285648897,8549,35324,126,
871879754684805121,11918,39090,136,PrideMonth
871762521631449091,3678,20787,134,
871515927908634625,3628,20730,140,
871166179821445120,5991,0,140,
871102520638267392,5764,21461,25,
871032628920680449,3999,23255,136,
870804317367881728,6393,33791,136,
870726314365509632,3,121,60,
870656317836468226,2817,12819,138,
870374049280663552,27680,85011,139,
870308999962521604,4384,22453,125,
870063196459192321,8840,37771,140,
869988702071779329,25661,0,140,
869772420881756160,10663,43710,110,
869702957897576449,6728,29116,139,
869596645499047938,3327,16476,139,
869227993411051520,4023,21112,127,
868880397819494401,12518,55098,98,
868639477480148993,2240,0,140,
868622495443632128,6275,28295,102,
868552278524837888,2240,10539,139,
867900495410671616,4439,24964,127,
867774946302451713,7788,35179,61,
867421006826221569,2697,16755,133,
867072653475098625,135,0,88,
867051520902168576,8425,33420,132,
866816280283807744,32883,0,140,
866720684873056260,5168,20888,50,
866686824827068416,3727,20070,134,
866450705531457537,32883,106827,106,
866334964761202691,15546,54720,112,
866094527597207552,8952,0,140,
865718153858494464,6008,26640,130,
865359393868664832,5384,27530,127,
865006731092295680,8209,29063,117,
864873206498414592,9361,33651,117,
864279568663928832,3266,15195,129,
864197398364647424,9616,31459,93,
863907417377173506,4441,21477,117,
863553081350529029,4489,15935,91,
863471782782697472,2687,0,140,
863432100342583297,5664,24829,128,
863427515083354112,105,2363,134,
863079547188785154,1195,9094,139,
863062471531167744,2687,8945,139,
862831371563274240,5457,20011,121,
862722525377298433,3809,17779,135,
862457590147678208,5388,21492,133,
862096992088072192,21840,66437,107,
861769973181624320,37911,0,124,
861383897657036800,11528,37744,72,
861288531465048066,4479,18032,138,
861005113778896900,4119,17538,96,
860981674716409858,2334,0,140,
860924035999428608,882,0,82,
860563773140209665,2334,7878,138,
860524505164394496,5698,24678,97,
860276583193509888,3745,19154,131,
860184849394610176,6295,17474,133,
860177593139703809,33421,0,140,
859924526012018688,4349,20021,140,
859851578198683649,3780,16105,137,
859607811541651456,1704,19476,136,
859196978902773760,25661,75193,124,
859074603037188101,14740,35553,139,
858860390427611136,8805,0,140,
858843525470990336,3771,16304,138,
858471635011153920,5271,22640,113,
858107933456039936,3154,16524,137,
857989990357356544,2812,16952,134,
857746408056729600,11524,36021,137,
857393404942143489,1785,6236,137,
857263160327368704,4934,21041,134,
857214891891077121,20,242,28,
857062103051644929,183,0,140,
857029823797047296,4364,19910,100,
856602993587888130,11633,0,139,
856543823941562368,3131,17135,136,
856526610513747968,2068,12446,112,
856330835276025856,731,0,104,
856288084350160898,17,545,165,
856282028240666624,6841,29086,121,
855862651834028034,27,320,86,
855860136149123072,1058,4407,133,
855857698524602368,2313,12498,89,
855851453814013952,19196,47844,134,ScienceMarch
855818117272018944,5943,28056,110,
855459453768019968,8987,31657,138,
855245323840757760,6568,0,140,
855138241867124737,50,0,140,
854732716440526848,6690,24188,113,
854482394044301312,7608,31131,100,
854365224396361728,5159,20046,115,
854120357044912130,8285,33911,139,
854010172552949760,3433,17169,140,
853760880890318849,6403,30414,118,
853639147608842240,11265,37198,108,
853299958564483072,3928,16508,125,
852936405516943360,2243,0,140,
852912242202992640,2037,9658,139,
852672615818899456,2388,15939,113,
852553447878664193,3885,17492,124,
852311364735569921,10961,35325,119,
852226086759018497,7570,21378,137,
852189679701164033,1741,12217,135,
851953902622658560,10706,0,115,
851861385021730816,23,0,101,
851591660324737024,3819,17300,140,
851464819735769094,7855,25944,140,
851224888060895234,6350,22090,137,
850753642995093505,10352,33348,137,
850380195714523136,2915,13994,140,
850333567704068097,367,3647,136,
850145622816686080,4244,17519,109,
850019790995546112,5459,21944,93,
849776966551130114,8404,32390,135,
849668094696017920,5513,0,140,
849412302885593088,3487,17039,107,
849336543269576704,2101,12240,136,
849051919805034497,7396,32617,107,
848690551926992896,4826,27104,119,
848324959059550208,4037,20229,139,
848213670039564288,832,8834,135,
848212111729840128,3444,17618,138,
847978865427394560,3652,0,140,
847971574464610304,482,0,81,
847962785489326080,5730,25296,140,
847842811428974592,1522,5935,138,
847617282490613760,468,7558,79,
847606175596138505,3774,20208,105,
847251039262605312,4800,22036,100,
847157206088847362,6572,21588,139,
847116187444137987,3583,23108,128,
846874817362120707,4404,21685,133,
846514051647705089,13076,48410,131,
846505985330044928,3492,15304,66,
846153765933735936,10226,34394,108,
846139713627017216,10972,33188,96,
846042936437604353,3224,17256,97,
845812042753855489,9894,31737,110,
845677943972139009,5365,27154,121,
845459076796616705,15071,0,140,
845397057150107648,2072,8241,140,
845306882940190720,6039,25225,75,
845098359547420673,8640,0,140,
844979544864018432,2909,14738,115,
844973813909606400,3617,16361,127,
844704788403113984,11633,42022,139,
844580511645339650,3533,17871,129,
844223788422217728,2450,14753,131,
843981021012017153,3285,16327,48,
843856843873095681,5220,23211,137,
843604394117681152,3081,18310,103,
843235543001513987,6852,23315,118,
842892208864923648,56625,0,100,
842846295480000512,4023,16440,90,
842765311967449089,1439,7321,143,
842535590457499648,3937,19637,106,
842163532590374912,6568,26569,140,
842115215311396866,3386,15204,112,
841833993020538882,17504,0,95,
841680585030541313,8748,27854,139,
841439858740625411,4168,13755,119,K9VeteransDay
841320156043304961,6080,21402,63,
841314665196081154,5312,17305,127,
841077006473256960,5991,24926,109,
840761248237133825,1972,0,140,
840728873075638272,18285,0,144,
840698636975636481,3,197,56,
840696689258311684,1116,13377,89,
840632337062862849,1972,9761,140,
840370681858686976,5146,17918,113,
840268004936019968,6497,20950,133,
839990271299457024,2597,14640,100,
839549326359670784,8805,29957,131,
839290600511926273,158,0,111,
839239871831150596,7422,29684,51,
838952994649550848,4505,21289,46,
838921590096166913,2357,12183,112,
838916489579200512,38,0,95,GoodDogs
838831947270979586,12643,0,140,
838561493054533637,1504,11892,139,
838476387338051585,5484,24664,114,
838201503651401729,11525,0,140,
838150277551247360,370,1824,18,
838085839343206401,0,150,63,
838083903487373313,3582,19183,115,
837820167694528512,8952,37277,106,
837482249356513284,495,4204,132,
837471256429613056,2631,13967,127,
837366284874571778,6005,23074,114,
837110210464448512,2731,17480,80,
837012587749474308,88,0,95,
836989968035819520,2610,13879,127,
836753516572119041,5237,21029,129,
836677758902222849,2522,13782,130,
836648853927522308,626,0,140,
836397794269200385,31314,0,140,
836380477523124226,3337,16037,131,
836260088725786625,4850,23177,121,
836001077879255040,4935,20924,122,
835685285446955009,9327,0,140,
835574547218894849,4121,19447,113,
835536468978302976,1939,0,140,
835309094223372289,24013,0,88,
835297930240217089,3381,17847,138,
835264098648616962,1939,8503,139,
835246439529840640,83,2259,98,
835172783151792128,6516,28552,128,
835152434251116546,3443,24574,89,
834931633769889797,1878,11838,127,
834786237630337024,6159,22943,137,
834574053763584002,2882,14993,98,
834477809192075265,12224,0,139,
834458053273591808,1899,10512,141,
834209720923721728,5476,22594,102,
834167344700198914,4130,17194,135,
834089966724603904,2427,10971,52,
834086379323871233,2512,14296,95,
833863086058651648,2729,14661,102,
833826103416520705,3904,16728,139,
833732339549220864,251,0,139,
833722901757046785,3636,22585,140,
833479644947025920,2357,16258,62,
833124694597443584,5513,22133,118,
832998151111966721,2522,14549,140,
832769181346996225,43,0,95,
832757312314028032,4127,18423,135,
832682457690300417,3368,13017,42,
832645525019123713,594,3195,103,
832636094638288896,3220,17379,93,
832397543355072512,2548,13126,129,
832369877331693569,3652,18792,112,
832273440279240704,2673,12385,130,
832215909146226688,7069,0,140,
832215726631055365,10723,0,106,
832088576586297345,3,72,40,
832040443403784192,11131,0,139,
832032802820481025,4746,13887,139,
831939777352105988,7031,26404,140,
831926988323639298,39,369,22,
831911600680497154,7458,30380,139,
831670449226514432,2059,11469,60,
831650051525054464,2243,7908,138,
831552930092285952,2632,9872,117,
831322785565769729,1744,10042,116,
831315979191906304,1264,7117,134,WKCDogShow
831309418084069378,2786,12819,138,
831262627380748289,2350,13066,116,
830956169170665475,1735,8735,60,
830583320585068544,19297,73397,94,
830173239259324417,6554,0,140,
830097400375152640,3455,10804,140,
829878982036299777,5757,0,112,
829861396166877184,2243,13441,113,
829501995190984704,12224,34913,127,
829449946868879360,2329,11519,120,
829374341691346946,10706,38074,76,
829141528400556032,8530,26952,114,
829011960981237760,18627,58302,127,
828801551087042563,3901,0,140,
828770345708580865,6746,28085,137,
828708714936930305,12882,40241,133,
828650029636317184,1544,10467,80,
828409743546925057,1305,6898,70,
828408677031882754,1477,8398,131,
828381636999917570,2554,13864,122,
828376505180889089,1216,8112,112,
828372645993398273,3344,13756,123,
828361771580813312,195,2408,57,
828046555563323392,3260,12923,123,
828011680017821696,2451,11411,124,
827933404142436356,5987,22180,134,
827653905312006145,3433,16983,123,
827600520311402496,1082,8143,139,
827324948884643840,3510,17523,127,
827228250799742977,13517,0,140,
827199976799354881,2579,11659,129,
826958653328592898,5757,23767,73,
826848821049180160,11878,40325,136,
826615380357632002,4521,0,140,
826598799820865537,292,5637,69,
826598365270007810,2709,11117,75,
826476773533745153,4821,20275,132,
826240494070030336,2965,14614,114,
826204788643753985,1075,5361,116,
826115272272650244,3599,17299,75,
825876512159186944,2146,11525,106,
825829644528148480,2848,14025,115,
825535076884762624,19669,56413,118,
825147591692263424,5244,20181,110,
825120256414846976,1483,0,140,
825026590719483904,1483,7020,140,
824796380199809024,6288,0,117,
824775126675836928,4069,16508,132,
824663926340194305,1993,11113,103,
824325613288833024,11848,12999,55,BellLetsTalk
824297048279236611,4463,16625,82,
824025158776213504,679,5255,44,
823939628516474880,3123,11755,79,
823719002937630720,12953,0,123,
823699002998870016,2772,13826,135,
823581115634085888,3031,14376,106,
823333489516937216,31,777,20,
823322678127919110,4637,17437,106,
823269594223824897,11421,0,134,
822975315408461824,3958,19139,118,
822872901745569793,48265,132810,87,WomensMarch
822859134160621569,2622,14576,122,
822647212903690241,7390,0,133,
822610361945911296,3423,16327,123,
822489057087389700,7390,20083,94,
822462944365645825,17209,31800,136,
822244816520155136,11421,38832,95,
822163064745328640,5571,0,140,
821886076407029760,2692,12582,53,
821813639212650496,3839,0,139,
821765923262631936,1899,9317,82,
821522889702862852,2030,8871,117,
821421320206483457,6470,0,140,
821407182352777218,5053,13075,114,
821153421864615936,10,280,56,
821149554670182400,2320,9718,62,
821107785811234820,2487,10645,130,
821044531881721856,2636,14021,125,
820837357901512704,7733,0,140,
820749716845686786,11525,34984,108,
820690176645140481,3716,13518,75,
820494788566847489,648,0,140,
820446719150292993,2980,0,135,
820314633777061888,648,3706,138,
820078625395449857,7246,21979,80,
820013781606658049,1369,0,140,
819952236453363712,1369,5927,139,
819924195358416896,5607,14305,97,
819711362133872643,3604,14916,54,
819588359383371776,2271,10606,111,
819347104292290561,1383,8008,121,
819238181065359361,462,2550,85,
819227688460238848,7733,25652,103,
819015337530290176,42228,0,122,
819015331746349057,21794,0,136,
819006400881917954,21794,49960,97,
819004803107983360,42228,95450,83,
818646164899774465,24069,0,119,
818627210458333184,8564,24597,70,
818614493328580609,2982,10971,99,
818588835076603904,7126,0,107,
818536468981415936,2873,12127,127,
818307523543449600,9366,0,140,
818259473185828864,2621,12197,96,
818145370475810820,3014,13671,82,
817908911860748288,906,5356,98,
817827839487737858,31314,57622,116,
817777686764523521,3084,11901,140,
817536400337801217,3505,13105,143,
817502432452313088,3917,0,140,
817423860136083457,17504,38260,56,
817415592588222464,1131,6267,140,
817181837579653120,9907,0,96,
817171292965273600,2326,9690,103,
817120970343411712,3011,13367,54,
817056546584727552,1927,9517,107,
816829038950027264,5496,0,129,
816816676327063552,2361,11071,91,
816697700272001025,2545,10905,99,
816450570814898180,9366,33961,103,
816336735214911488,2269,9564,86,
816091915477250048,2500,9927,91,
816062466425819140,1207,0,140,
816014286006976512,6154,0,109,
815990720817401858,1207,5545,139,
815966073409433600,9907,25057,57,
815745968457060357,4797,0,140,
815736392542261248,2625,10937,94,
815639385530101762,1918,9161,100,
815390420867969024,4407,11467,44,
814986499976527872,1505,8485,93,
814638523311648768,3130,12511,86,
814578408554463233,6750,0,144,
814530161257443328,2156,9629,112,
814153002265309185,10080,32000,109,
813944609378369540,3732,0,116,
813910438903693312,2194,10342,93,
813812741911748608,16267,40402,139,
813800681631023104,2060,9300,66,
813217897535406080,8476,20783,68,
813202720496779264,2090,10192,112,
813187593374461952,5096,22085,107,
813172488309972993,2236,10384,75,
813157409116065792,2557,8588,112,
813142292504645637,2728,9361,84,
813130366689148928,513,4968,131,
813127251579564032,3652,13242,89,
813112105746448384,3225,11515,100,
813096984823349248,4207,11694,74,
813081950185472002,3220,10989,112,
813066809284972545,2276,8865,115,
813051746834595840,8503,23337,90,
812781120811126785,2191,8380,101,
812747805718642688,8067,0,140,
812709060537683968,1665,7373,94,
812503143955202048,1424,6787,118,
812466873996607488,2231,8900,110,
812372279581671427,4252,15224,103,
811985624773361665,1647,8102,88,
811744202451197953,1884,8429,41,
811647686436880384,872,6215,136,
811627233043480576,3650,14265,103,
811386762094317568,7444,23302,112,
810984652412424192,1655,5927,143,
810896069567610880,2090,10093,127,
810657578271330305,3057,12192,100,
810284430598270976,13369,39640,79,
810254108431155201,3901,16380,118,
809920764300447744,4521,17250,116,
809808892968534016,5711,0,140,
809448704142938112,1696,7727,41,
809220051211603969,6554,22246,126,
809084759137812480,4046,14685,136,
808838249661788160,3536,11271,116,
808733504066486276,2509,8784,98,
808501579447930884,3007,12595,105,
808344865868283904,24069,47281,104,
808134635716833280,6961,0,95,
808106460588765185,2525,9701,120,
808001312164028416,4098,14015,105,
807621403335917568,4288,16236,137,
807106840509214720,56625,107015,61,
807059379405148160,8521,0,136,
807010152071229440,4418,14514,123,
806629075125202948,37911,75639,85,
806620845233815552,6426,0,140,
806576416489959424,2230,5370,84,
806542213899489280,2752,11363,99,
806242860592926720,13616,0,137,
806219024703037440,1388,7145,123,
805958939288408065,6238,0,130,
805932879469572096,2209,9178,125,
805826884734976000,2132,7335,54,
805823200554876929,9374,0,114,
805520635690676224,1905,6368,138,
805487436403003392,2929,9773,137,
805207613751304193,1972,8680,55,
804738756058218496,4480,15326,97,
804475857670639616,2355,6886,73,
804413760345620481,3712,0,112,
804026241225523202,18876,49774,81,
803773340896923648,3220,11203,106,
803692223237865472,8689,0,122,
803638050916102144,4828,12270,32,
803380650405482500,2169,8601,94,
803321560782307329,6221,0,140,
803276597545603072,2887,11207,110,
802952499103731712,2336,10085,74,
802624713319034886,3403,0,130,
802600418706604034,1714,7938,100,
802572683846291456,2926,9959,107,
802323869084381190,6808,18124,127,
802265048156610565,1573,7039,45,
802247111496568832,5247,0,125,
802239329049477120,3040,10132,132,
802185808107208704,314,0,140,
801958328846974976,1992,8608,103,
801854953262350336,275,1958,63,
801538201127157760,2391,9141,84,
801285448605831168,960,6802,13,
801167903437357056,6961,27386,56,
801127390143516673,4627,0,140,
801115127852503040,2429,8992,120,
800859414831898624,113,778,105,
800855607700029440,1889,0,62,
800751577355128832,3214,11701,96,
800513324630806528,3495,14685,78,
800459316964663297,2489,10538,87,
800443802682937345,5068,0,131,
800388270626521089,3265,12456,99,
800188575492947969,4581,0,140,
800141422401830912,2980,17092,96,
800018252395122689,15351,31768,53,
799774291445383169,5488,0,97,
799757965289017345,2506,9390,106,
799422933579902976,2213,8965,136,
799308762079035393,6478,0,140,
799297110730567681,3227,11065,91,
799063482566066176,2863,9058,84,
798933969379225600,5203,14712,59,
798925684722855936,1663,8246,122,
798705661114773508,7724,0,140,
798701998996647937,9126,0,140,
798697898615730177,7602,0,78,
798694562394996736,5812,0,118,
798686750113755136,2702,0,140,
798682547630837760,5515,0,140,
798673117451325440,6485,0,119,
798665375516884993,4519,0,119,
798644042770751489,2153,0,103,
798628517273620480,2272,0,131,
798585098161549313,6618,0,140,
798576900688019456,6871,0,140,
798340744599797760,3924,0,139,
798209839306514432,2954,11548,106,
797971864723324932,3652,13018,89,
797545162159308800,5656,16198,109,
797236660651966464,7726,22328,89,
797165961484890113,32,256,55,
796904159865868288,10411,0,140,
796865951799083009,2198,8564,88,
796759840936919040,3562,13256,111,
796563435802726400,8536,0,140,
796484825502875648,2042,8472,82,
796387464403357696,4861,12334,130,
796177847564038144,16628,0,127,
796149749086875649,16628,36177,88,
796125600683540480,2079,5511,41,ImWithThor
796116448414461957,2813,10139,96,
796080075804475393,2703,9469,49,
796031486298386433,4284,12071,82,
795464331001561088,27728,55683,54,
795400264262053889,3323,11270,71,
795076730285391872,6288,18139,78,
794983741416415232,3942,0,91,
794926597468000259,2697,11492,75,
794355576146903043,12014,0,118,
794332329137291264,3088,10686,126,
794205286408003585,3895,10314,119,
793962221541933056,5711,18910,101,
793845145112371200,2187,10295,71,
793614319594401792,3661,0,134,
793601777308463104,1908,8926,76,
793500921481273345,2786,11953,115,
793286476301799424,10723,27597,67,
793271401113350145,2763,9677,118,
793256262322548741,9714,22350,98,
793241302385262592,3812,11780,70,
793226087023144960,3338,11001,123,
793210959003287553,3301,9997,92,
793195938047070209,6547,17063,99,
793180763617361921,2310,7740,38,
793165685325201412,3238,10478,128,
793150605191548928,1984,6909,66,
793135492858580992,2893,7214,71,
793120401413079041,4551,14202,139,
792913359805018113,4715,16063,104,
792883833364439040,4964,12666,100,
792773781206999040,1963,8209,114,
792394556390137856,4998,15128,98,
792050063153438720,2088,8029,124,
791821351946420224,24514,0,114,
791784077045166082,11271,0,111,
791780927877898241,4432,0,119,
791774931465953280,21156,37818,90,
791672322847637504,3661,13129,95,
791406955684368384,4797,14670,122,
791312159183634433,2963,9841,106,
791026214425268224,4858,0,102,
790987426131050500,2483,11089,54,
790946055508652032,5496,18601,90,
790723298204217344,2704,0,119,
790698755171364864,2203,9158,82,
790581949425475584,8183,22473,115,
790337589677002753,2167,8740,72,
790277117346975746,3732,14081,77,
790227638568808452,4190,0,140,
789986466051088384,2704,10369,80,
789960241177853952,4839,0,140,
789903600034189313,4858,11673,109,
789628658055020548,2080,8448,41,
789599242079838210,2279,7620,74,
789530877013393408,3942,13188,52,
789314372632018944,2666,9615,112,
789280767834746880,5747,0,140,
789268448748703744,3014,10196,79,
789137962068021249,3244,10875,114,
788908386943430656,14409,30653,102,
788765914992902144,12014,30658,79,
788552643979468800,8407,0,130,
788412144018661376,5990,16060,71,
788178268662984705,2488,8100,78,
788150585577050112,1510,6865,80,
788070120937619456,3952,0,108,
788039637453406209,1535,6867,59,
787810552592695296,3540,9717,98,
787717603741622272,3240,11416,115,
787397959788929025,3300,12120,107,
787322443945877504,2032,8726,105,
787111942498508800,7798,0,99,
786963064373534720,9327,29725,110,
786729988674449408,2827,0,140,
786709082849828864,7069,20296,104,
786664955043049472,2996,11957,51,
786595970293370880,3601,10497,95,
786363235746385920,4072,12189,83,
786286427768250368,3352,8930,87,
786233965241827333,5571,17178,117,
786051337297522688,179,1614,39,
786036967502913536,8237,0,130,
785927819176054784,3652,12696,78,
785872687017132033,2130,7489,114,
785639753186217984,2561,8735,140,
785533386513321988,2334,10183,63,
785515384317313025,1477,6800,46,
785264754247995392,1911,8128,80,
785170936622350336,5639,13491,118,
784826020293709826,3712,11310,73,
784517518371221505,2970,10039,83,
784431430411685888,1491,6329,77,
784183165795655680,9374,22513,99,
784057939640352768,12953,33505,108,
783839966405230592,12643,33689,117,
783821107061198850,2269,8209,77,
783695101801398276,3737,11650,126,
783466772167098368,2608,9468,138,
783391753726550016,6441,18908,109,
783347506784731136,6533,0,107,
783334639985389568,13616,32651,98,
783085703974514689,2565,9112,93,
782969140009107456,8521,26949,97,
782747134529531904,1604,8310,89,
782722598790725632,6238,19250,91,
782598640137187329,2184,8694,108,
782305867769217024,6470,18630,111,
782021823840026624,7236,0,136,
781955203444699136,3920,12357,125,
781661882474196992,3129,11634,98,
781655249211752448,1314,4466,114,
781524693396357120,6426,23163,112,
781308096455073793,2961,7973,58,
781251288990355457,2458,9428,102,
781163403222056960,3168,10895,111,
780931614150983680,8536,24192,108,
780858289093574656,2328,8033,129,
780800785462489090,1505,6141,105,
780601303617732608,3839,13525,100,
780543529827336192,2032,7040,61,
780496263422808064,4319,0,120,
780476555013349377,136,0,103,
780459368902959104,1224,5892,112,
780192070812196864,2589,9712,108,
780092040432480260,2655,0,140,
780074436359819264,5815,13723,112,
779834332596887552,8237,21252,91,
779377524342161408,3613,9831,84,
779124354206535695,21324,0,140,
779123168116150273,4207,13206,79,
779056095788752897,5247,16500,86,
778990705243029504,8437,22342,110,
778774459159379968,11550,0,102,
778764940568104960,426,955,95,
778748913645780993,1562,7717,85,
778650543019483137,1729,6430,121,
778624900596654080,1176,5177,73,
778408200802557953,5023,15135,73,
778396591732486144,14198,0,140,
778383385161035776,1271,6515,99,
778286810187399168,3836,11576,109,
778039087836069888,3065,9417,68,
778027034220126208,1885,7320,137,
777953400541634568,4080,0,140,
777885040357281792,1893,7078,116,
777684233540206592,3403,12518,91,
777641927919427584,4947,0,102,
777621514455814149,2910,9742,112,
777189768882946048,4999,15921,77,
776819012571455488,15839,0,84,
776813020089548800,1405,5444,116,
776477788987613185,3249,9858,103,
776249906839351296,10673,0,140,
776218204058357768,18497,33345,104,
776201521193218049,2919,10681,93,
776113305656188928,5068,13102,92,
776088319444877312,179,2045,113,
775898661951791106,17621,0,89,
775842724423557120,3116,13022,107,
775733305207554048,4627,15413,115,
775729183532220416,5302,14361,102,
775364825476165632,3472,8295,83,
775350846108426240,4532,11309,110,
775096608509886464,9220,0,140,
775085132600442880,5488,17281,58,
774757898236878852,2035,9462,89,
774639387460112384,2013,7508,76,
774314403806253056,6478,24167,103,
773985732834758656,4492,11925,116,
773922284943896577,1999,7110,113,
773704687002451968,1891,7317,106,
773670353721753600,1501,5935,113,
773547596996571136,7126,24553,68,
773336787167145985,5912,0,140,
773308824254029826,8640,25846,114,
773247561583001600,3699,10414,115,
773191612633579521,4736,11117,99,
772877495989305348,4501,9555,71,
772826264096874500,2669,8842,120,
772615324260794368,3914,0,135,
772581559778025472,1968,7192,116,
772193107915964416,1612,6665,104,
772152991789019136,1300,4181,116,
772117678702071809,848,4165,116,
772114945936949249,546,3005,108,
772102971039580160,1065,4448,107,
771908950375665664,2181,7298,51,
771770456517009408,3924,13356,100,
771500966810099713,3018,9167,72,
771380798096281600,5912,11746,116,
771171053431250945,8705,0,112,
771136648247640064,3357,10223,106,
771102124360998913,1663,6898,115,
771014301343748096,1782,7032,116,
770787852854652928,1415,5498,99,
770772759874076672,1626,5749,107,
770743923962707968,52360,0,140,
770655142660169732,2013,8130,115,
770414278348247044,2390,6987,115,
770293558247038976,1718,6923,93,
770093767776997377,3520,0,106,
770069151037685760,2651,8385,115,
769940425801170949,11131,34948,100,
769695466921623552,1926,7101,98,
769335591808995329,8830,0,135,
769212283578875904,1969,5980,111,
768970937022709760,7574,16017,64,
768909767477751808,3129,0,140,
768855141948723200,1034,4660,99,
768609597686943744,1382,4580,112,
768596291618299904,1473,5592,116,
768554158521745409,6719,0,140,
768473857036525572,3958,15110,116,
768193404517830656,4080,12157,115,
767884188863397888,1634,5309,63,
767754930266464257,6221,17814,108,
767500508068192258,2688,8295,87,
767191397493538821,4406,13643,111,
767122157629476866,3261,11227,84,
766864461642756096,6521,0,140,
766793450729734144,1565,5650,113,
766714921925144576,438,2872,139,
766693177336135680,918,4484,104,
766423258543644672,1825,6671,109,
766313316352462849,2166,7493,107,
766078092750233600,2970,0,140,
766069199026450432,1003,4765,66,
766008592277377025,571,4149,113,
765719909049503744,2475,8021,115,
765669560888528897,1407,5760,87,
765395769549590528,3127,20539,110,
765371061932261376,2475,7842,112,
765222098633691136,3914,12902,96,
764857477905154048,2029,7099,116,
764259802650378240,1745,6718,108,
763956972077010945,61,812,81,
763837565564780549,4858,14041,63,
763183847194451968,1702,6004,102,
763167063695355904,3484,0,140,
763103485927849985,2602,8163,111,
762699858130116608,4190,13518,105,
762471784394268675,7612,12571,115,
762464539388485633,4839,11503,113,
762316489655476224,1298,5350,61,
762035686371364864,17919,35400,47,
761976711479193600,2310,5992,105,
761750502866649088,4535,0,126,
761745352076779520,979,4707,116,
761672994376806400,33421,55016,112,
761599872357261312,1336,4578,114,
761371037149827077,20500,0,68,
761334018830917632,1669,5792,80,
761292947749015552,1265,4957,106,
761227390836215808,1775,5908,111,
761004547850530816,3952,12482,69,
760893934457552897,1104,4228,107,
760656994973933572,2210,7343,73,
760641137271070720,1481,5485,83,
760539183865880579,4168,8399,64,
760521673607086080,1608,4681,98,
760290219849637889,13140,29618,75,
760252756032651264,995,4338,116,
760190180481531904,2079,6334,113,
760153949710192640,38,0,126,
759943073749200896,2382,6581,87,
759923798737051648,6521,16284,116,
759846353224826880,2265,7433,102,
759793422261743616,2173,6620,120,
759566828574212096,24319,0,134,
759557299618865152,1341,5202,113,
759447681597108224,2827,9418,113,
759446261539934208,561,1846,140,
759197388317847553,2221,6725,77,
759159934323924993,1359,0,64,
759099523532779520,4813,16101,116,
759047813560868866,2302,7227,84,
758854675097526272,1027,3904,110,
758828659922702336,4376,12376,100,
758740312047005698,1824,6339,115,
758474966123810816,1132,4227,108,
758467244762497024,2539,5316,54,
758405701903519748,2204,5756,68,
758355060040593408,1245,3797,113,
758099635764359168,11550,21302,87,
758041019896193024,433,3001,116,
757741869644341248,3710,7613,78,
757729163776290825,9299,0,87,
757725642876129280,1391,5022,115,
757611664640446465,1272,5026,89,
757597904299253760,336,0,116,
757596066325864448,1219,4808,116,
757400162377592832,7759,16743,101,
757393109802180609,2009,6462,92,
757354760399941633,1637,4995,114,
756998049151549440,2271,6923,102,
756939218950160384,2295,7342,112,
756651752796094464,1511,5612,85,
756526248105566208,4169,11506,54,
756303284449767430,1231,4359,46,
756288534030475264,15071,28519,115,
756275833623502848,1738,7114,113,
755955933503782912,3285,8092,79,
755206590534418437,6148,18212,116,
755110668769038337,12621,23446,80,
754874841593970688,9193,0,81,
754856583969079297,2870,7616,115,
754747087846248448,591,2854,98,
754482103782404096,2220,5852,56,
754449512966619136,846,4147,71,
754120377874386944,2670,8655,109,
754011816964026368,4079,9726,81,
753655901052166144,2492,6458,108,
753420520834629632,4071,8731,115,
753398408988139520,2186,6384,55,
753375668877008896,2655,8411,112,
753298634498793472,6620,0,140,
753294487569522689,1191,3758,75,
753039830821511168,24013,41080,73,
753026973505581056,1109,4283,116,
752932432744185856,7798,13970,84,
752917284578922496,1790,7592,116,
752701944171524096,3291,0,131,
752682090207055872,1846,6642,59,
752660715232722944,1794,4878,62,
752568224206688256,2605,6140,115,
752519690950500352,3917,8157,87,
752334515931054080,1263,4238,78,
752309394570878976,18963,0,74,
752173152931807232,2106,6569,108,
751950017322246144,1060,3415,78,
751937170840121344,1530,5770,82,
751830394383790080,2227,6428,76,
751793661361422336,3320,6479,77,
751598357617971201,3440,8699,53,
751583847268179968,1265,4849,112,
751538714308972544,1445,5547,93,
751456908746354688,1127,3516,98,
751251247299190784,6695,13791,110,
751205363882532864,2086,6948,105,
751132876104687617,1480,5610,72,
750868782890057730,1595,5306,116,
750719632563142656,5747,14621,114,
750506206503038976,1316,4934,80,
750429297815552001,4947,14569,63,
750383411068534784,1309,5005,111,
750381685133418496,39,758,35,
750147208377409536,1095,3409,62,
750132105863102464,1440,3990,92,
750117059602808832,1466,4740,83,
750101899009982464,959,3344,116,
750086836815486976,613,2383,105,
750071704093859840,3802,8653,60,
750056684286914561,1011,3444,102,
750041628174217216,703,3502,111,
750026558547456000,888,2986,119,
750011400160841729,1035,3568,113,
749996283729883136,919,3331,77,
749981277374128128,2772,5569,54,
749774190421639168,1493,5114,74,
749417653287129088,1904,6721,66,
749403093750648834,622,2892,113,
749395845976588288,3951,9488,110,
749317047558017024,2509,6076,115,
749075273010798592,2360,6353,130,
749064354620928000,1714,5277,113,
749036806121881602,896,3425,113,
748977405889503236,3759,11235,112,
748932637671223296,2564,6461,77,
748705597323898880,1067,3047,110,BarkWeek
748699167502000129,1814,5213,100,
748692773788876800,1504,4659,115,
748575535303884801,2272,6696,116,
748568946752774144,776,2411,85,
748346686624440324,1413,5735,92,
748337862848962560,4701,8462,67,BarkWeek
748324050481647620,867,4078,77,
748307329658011649,810,4027,114,
748220828303695873,8825,15549,103,
747963614829678593,2444,6397,70,
747933425676525569,2894,7310,115,
747885874273214464,1116,3243,116,
747844099428986880,851,3084,112,BarkWeek
747816857231626240,1316,5346,114,
747651430853525504,179,1520,132,
747648653817413632,6614,14182,127,
747600769478692864,619,2545,104,
747594051852075008,1205,4065,116,
747512671126323200,1803,6110,115,
747461612269887489,1169,4249,113,
747439450712596480,2184,5965,129,
747242308580548608,3257,0,140,
747219827526344708,1791,5792,75,
747204161125646336,1038,3722,99,
747103485104099331,4548,10534,113,
746906459439529985,336,3168,95,
746872823977771008,2429,6593,110,
746818907684614144,1944,5807,38,
746790600704425984,1806,5345,51,
746757706116112384,4432,10520,104,
746726898085036033,2037,6648,116,
746542875601690625,2104,5520,133,
746521445350707200,1110,0,140,
746507379341139972,1226,5094,90,
746369468511756288,1854,6637,114,
746131877086527488,2511,7565,100,
746056683365994496,931,3904,83,
745789745784041472,1207,4437,109,
745712589599014916,2636,7652,97,
745433870967832576,2894,7824,99,
745422732645535745,2768,9412,116,
745314880350101504,3131,7863,57,
745074613265149952,3976,8605,123,
745057283344719872,2585,7945,110,
744995568523612160,716,3277,84,
744971049620602880,3042,8652,98,
744709971296780288,1771,6150,63,
744334592493166593,2412,7443,115,
744234799360020481,79515,131075,91,
744223424764059648,424,1868,79,
743980027717509120,1231,4551,115,
743895849529389061,1087,3999,115,
743835915802583040,2387,0,140,
743609206067040256,1560,4917,116,
743595368194129920,7445,20275,112,
743545585370791937,1066,3863,89,
743510151680958465,4185,8671,111,
743253157753532416,1366,4624,104,
743222593470234624,2164,6792,114,
743210557239623680,1560,4215,115,
742534281772302336,4011,7744,113,
742528092657332225,2245,4878,102,
742465774154047488,4382,7916,110,
742423170473463808,4319,10812,81,
742385895052087300,2266,7457,99,
742161199639494656,1547,4743,64,
742150209887731712,1783,5661,95,
741793263812808706,1698,4982,64,
741743634094141440,3144,8945,115,
741438259667034112,937,4026,75,
741303864243200000,3650,9631,115,
741099773336379392,6247,10997,70,
741067306818797568,3520,10342,67,
740995100998766593,3154,7018,115,
740711788199743490,1062,3736,113,
740699697422163968,888,3101,93,
740676976021798912,7724,19881,115,
740373189193256964,9220,20648,116,
740365076218183684,495,2727,64,
740359016048689152,967,3610,67,
740214038584557568,2220,7335,115,
739979191639244800,6719,21898,112,
739932936087216128,1217,4443,113,
739844404073074688,966,4138,103,
739623569819336705,1547,4185,110,
739606147276148736,1876,5897,114,
739544079319588864,24319,43694,95,
739485634323156992,3309,7887,113,
739238157791694849,52360,75163,114,
738891149612572673,6,115,18,
738885046782832640,1283,4127,110,
738883359779196928,917,3661,78,
738537504001953792,1759,5575,98,
738402415918125056,955,3599,57,
738184450748633089,1360,4727,116,
738166403467907072,3828,9635,63,
738156290900254721,748,2768,54,
737826014890496000,2006,5757,114,
737800304142471168,3904,10943,90,
737678689543020544,1509,5528,116,
737445876994609152,5048,11302,108,
737322739594330112,907,3953,97,
737310737551491075,8329,16040,81,
736736130620620800,1972,4736,38,
736392552031657984,8407,19450,115,
736365877722001409,1408,4367,64,
736225175608430592,3115,8901,116,
736010884653420544,3355,8652,115,
735991953473572864,1283,3934,75,
735648611367784448,1237,4397,40,
735635087207878657,2659,6776,76,
735274964362878976,4707,9629,116,
735256018284875776,993,3675,91,
735137028879360001,1092,3428,120,
734912297295085568,572,2993,82,
734787690684657664,7102,13745,70,
734776360183431168,608,2742,115,
734559631394082816,451,1646,110,
733828123016450049,881,3926,89,
733822306246479872,1141,4015,79,
733482008106668032,1065,3438,44,
733460102733135873,1451,4605,95,
733109485275860992,17621,44619,50,
732732193018155009,599,2671,64,
732726085725589504,1003,3855,116,
732585889486888962,868,4016,96,
732375214819057664,2838,8832,113,
732005617171337216,6154,16324,70,
731285275100512256,1090,3798,72,
731156023742988288,1434,4196,97,
730924654643314689,2234,6682,116,
730573383004487680,2435,5407,67,
730427201120833536,1176,3809,98,
730211855403241472,1182,4180,84,
730196704625098752,2172,5339,116,
729854734790754305,1268,4396,111,
729838605770891264,431,1856,43,
729823566028484608,1390,4358,54,
729463711119904772,2586,6340,58,
729113531270991872,370,2054,26,
728986383096946689,917,3460,116,
728760639972315136,1911,5090,73,
728751179681943552,757,3032,57,
728653952833728512,1169,3620,83,
728409960103686147,2269,5383,115,
728387165835677696,1075,3999,113,
728046963732717569,1328,4722,81,
728035342121635841,1872,4953,60,
728015554473250816,1219,4479,75,
727685679342333952,720,3206,96,
727644517743104000,1962,6431,55,
727524757080539137,1379,4900,96,
727314416056803329,834,3623,93,
727286334147182592,920,3324,111,
727175381690781696,1540,4209,93,
727155742655025152,1490,3983,127,
726935089318363137,2738,7496,71,
726887082820554753,1677,4195,113,
726828223124897792,1124,3882,115,
726224900189511680,1302,4811,116,
725842289046749185,2970,7691,101,
725786712245440512,1527,4537,103,
725729321944506368,2009,5646,114,
725458796924002305,703,1541,123,
724983749226668032,1462,4040,116,
724771698126512129,725,2593,46,
724405726123311104,1847,5800,98,
724049859469295616,1984,4738,89,
724046343203856385,620,2901,98,
724004602748780546,1790,4561,70,
723912936180330496,1374,4236,85,
723688335806480385,3347,8435,64,
723673163800948736,1011,3291,85,
723179728551723008,2110,5761,109,
722974582966214656,1764,4493,40,
722613351520608256,1831,5393,110,
721503162398597120,2124,5086,35,
721001180231503872,686,2748,131,
720785406564900865,866,3400,104,
720775346191278080,760,2702,87,
720415127506415616,1681,4503,64,
720389942216527872,2840,6974,85,
720340705894408192,1098,3131,119,
720059472081784833,1268,4229,124,
720043174954147842,2253,5332,137,
719991154352222208,1979,5281,140,
719704490224398336,1645,4974,107,
719551379208073216,2192,5515,118,
719367763014393856,827,3022,142,
719339463458033665,1403,4822,122,
719332531645071360,1078,3711,140,
718971898235854848,1231,3818,72,
718939241951195136,1973,5720,102,
718631497683582976,9126,20697,138,
718613305783398402,542,2669,124,
718540630683709445,1137,2730,61,
718460005985447936,602,2846,139,
718454725339934721,1685,5320,139,
718246886998687744,565,2115,132,
718234618122661888,1127,4217,128,
717841801130979328,670,2660,84,
717790033953034240,1272,3170,130,
717537687239008257,2069,6281,139,
717428917016076293,510,1748,87,
717421804990701568,945,3446,130,
717047459982213120,2135,6826,136,
717009362452090881,1102,3583,111,
716802964044845056,1317,4627,83,
716791146589110272,1474,5204,144,
716730379797970944,475,1339,104,
716447146686459905,6643,14327,96,
716439118184652801,247,2574,117,FinalFur
716285507865542656,1225,3041,64,
716080869887381504,1935,5272,72,
715928423106027520,987,3485,98,
715758151270801409,1596,4085,122,
715733265223708672,1920,5093,137,
715704790270025728,634,3055,102,
715696743237730304,1454,4257,139,
715680795826982913,1813,4719,68,
715360349751484417,1772,5955,87,
715342466308784130,768,3294,138,
715220193576927233,736,2630,126,
715200624753819648,2110,5578,119,
715009755312439296,1392,4550,113,
714982300363173890,1166,4094,114,
714962719905021952,4816,8028,87,
714957620017307648,1595,4503,140,
714631576617938945,1122,3571,137,
714606013974974464,1038,3938,91,
714485234495041536,1313,2962,75,
714258258790387713,808,3281,143,
714251586676113411,940,3570,79,
714214115368108032,990,2480,69,
714141408463036416,1569,4673,137,
713919462244790272,869,3564,133,
713909862279876608,616,2078,93,
713900603437621249,829,3062,93,
713761197720473600,1541,5308,127,
713411074226274305,1440,4802,134,
713177543487135744,3183,7854,104,
713175907180089344,1630,4851,121,
712809025985978368,7602,20378,63,
712717840512598017,5616,13474,104,
712668654853337088,1367,4531,107,
712438159032893441,1756,5799,138,
712309440758808576,26,269,140,
712097430750289920,1172,4144,94,
712092745624633345,1016,3211,138,
712085617388212225,556,3531,104,
712065007010385924,700,2451,138,
711998809858043904,138,0,97,LoveTwitter
711968124745228288,2601,8776,106,
711743778164514816,1101,3095,140,
711732680602345472,4653,9756,77,
711694788429553666,20500,35865,53,
711652651650457602,1037,4228,88,
711363825979756544,1287,3996,52,
711306686208872448,819,3596,137,
711008018775851008,710,3275,139,
710997087345876993,1561,4960,108,
710844581445812225,779,2775,102,
710833117892898816,606,2937,120,
710658690886586372,636,2529,108,
710609963652087808,2624,5227,114,
710588934686908417,2107,4968,94,
710296729921429505,833,2574,82,
710283270106132480,580,2308,104,
710272297844797440,1425,4945,138,
710269109699739648,1257,2613,82,
710153181850935296,1006,3153,135,
710140971284037632,1008,3017,120,
710117014656950272,2233,5999,135,
709918798883774466,1215,3250,140,
709901256215666688,112,732,140,
709852847387627521,1336,3824,77,
709566166965075968,1367,3865,130,
709556954897764353,1204,3593,131,
709519240576036864,277,1620,139,
709449600415961088,665,2420,140,
709409458133323776,788,2855,79,
709225125749587968,647,2615,131,
709207347839836162,6567,13755,88,
709198395643068416,721,2634,144,
709179584944730112,763,2213,83,
709158332880297985,470,2236,138,
709042156699303936,1864,5197,140,
708853462201716736,745,1941,126,
708845821941387268,1015,3226,137,
708834316713893888,571,1860,138,
708810915978854401,7848,18036,111,
708738143638450176,917,2997,107,
708711088997666817,834,2790,75,
708479650088034305,765,2768,118,
708469915515297792,926,3357,132,
708400866336894977,11330,17516,78,
708356463048204288,1520,3929,137,
708349470027751425,831,2568,107,
708149363256774660,1727,4672,118,
708130923141795840,943,3707,140,
708119489313951744,1102,2937,99,
708109389455101952,610,2124,133,
708026248782585858,2166,4799,129,
707995814724026368,1273,3385,140,
707983188426153984,2,52,139,
707969809498152960,1097,2941,140,
707776935007539200,1079,3593,140,
707741517457260545,696,2718,140,
707738799544082433,2785,4495,110,
707693576495472641,1133,3765,109,
707629649552134146,997,2834,130,
707610948723478529,7236,18557,121,
707420581654872064,789,2499,140,
707411934438625280,673,2486,128,
707387676719185920,1490,3835,139,
707377100785885184,1214,3603,140,
707315916783140866,727,2698,122,
707297311098011648,903,3022,139,
707059547140169728,759,2796,128,
707038192327901184,900,2404,117,
707021089608753152,1540,4433,120,
707014260413456384,664,2502,133,
706904523814649856,8830,15961,120,
706901761596989440,680,2264,134,
706681918348251136,1103,3627,135,
706644897839910912,1224,2814,140,
706593038911545345,718,2363,102,
706538006853918722,1580,3778,140,
706516534877929472,1150,3404,126,
706346369204748288,1035,3768,90,
706310011488698368,9034,23443,107,
706291001778950144,522,1861,130,
706265994973601792,1030,2979,139,
706169069255446529,2511,4291,71,
706166467411222528,1819,5636,133,
706153300320784384,437,1632,120,
705975130514706432,842,3397,137,
705970349788291072,1008,3440,139,
705898680587526145,643,2597,140,
705786532653883392,596,2132,68,
705591895322394625,1308,3475,109,
705475953783398401,1045,3231,103,
705442520700944385,1859,4877,90,
705428427625635840,1931,4188,139,
705239209544720384,854,3290,116,
705223444686888960,900,2829,64,
705102439679201280,585,2342,94,
705066031337840642,683,2378,135,
704871453724954624,1245,4585,53,
704859558691414016,612,2462,114,
704847917308362754,1727,5594,80,
704819833553219584,1136,2906,137,
704761120771465216,3257,7283,139,
704499785726889984,1124,3212,92,
704491224099647488,97,840,18,
704480331685040129,1197,3723,139,
704364645503647744,3999,8804,121,
704347321748819968,393,1729,139,
704134088924532736,519,1653,87,
704113298707505153,629,2031,140,
704054845121142784,1028,3201,82,
703774238772166656,526,2020,63,
703769065844768768,1276,3621,128,
703631701117943808,772,2853,135,
703611486317502464,1709,4229,140,
703425003149250560,1559,4162,135,
703407252292673536,786,2685,76,
703382836347330562,1285,3837,111,
703356393781329922,429,2085,134,
703268521220972544,618,2152,65,
703079050210877440,3494,8064,139,
703041949650034688,14198,28996,125,
702932127499816960,811,2825,137,
702899151802126337,509,1772,119,
702684942141153280,1215,3516,88,
702671118226825216,634,2398,148,
702598099714314240,3712,11332,132,
702539513671897089,1091,3134,136,
702332542343577600,1755,3491,103,
702321140488925184,1156,3604,73,
702276748847800320,860,2706,86,
702217446468493312,1526,5268,112,
701981390485725185,1106,3755,83,
701952816642965504,1149,4167,140,
701889187134500865,1558,3905,115,
701805642395348998,1900,3752,132,
701601587219795968,523,2299,140,
701570477911896070,1055,3080,139,
701545186879471618,680,2902,136,
701214700881756160,5812,13475,103,
700890391244103680,653,2437,138,
700864154249383937,685,2828,104,
700847567345688576,558,2637,134,
700796979434098688,1085,2669,137,
700747788515020802,10673,25130,139,
700518061187723268,915,2887,102,
700505138482569216,646,2487,86,
700462010979500032,2031,4537,138,
700167517596164096,836,2903,65,
700151421916807169,754,2450,112,
700143752053182464,3129,8282,140,
700062718104104960,778,2890,138,
700029284593901568,661,2262,138,
700002074055016451,1529,3627,140,
699801817392291840,1088,3345,118,
699788877217865730,557,2458,94,
699779630832685056,1397,3039,48,
699775878809702401,690,2150,140,
699691744225525762,5174,11252,140,
699446877801091073,2938,6515,129,
699434518667751424,577,2384,101,
699423671849451520,383,1505,78,
699413908797464576,688,2258,138,
699370870310113280,497,2053,139,
699323444782047232,983,3466,83,
699088579889332224,715,2451,139,
699079609774645248,745,2677,117,
699072405256409088,1325,3296,52,
699060279947165696,2059,4173,74,
699036661657767936,1345,2863,76,
698989035503689728,1113,3701,91,
698953797952008193,1020,2975,140,
698907974262222848,699,2787,83,
698710712454139905,774,2710,110,
698703483621523456,425,1608,116,
698635131305795584,388,1400,134,
698549713696649216,704,2536,127,
698355670425473025,516,2046,138,
698342080612007937,1074,2485,140,
698262614669991936,2268,5214,130,
698195409219559425,6750,18408,144,
698178924120031232,830,3084,140,
697995514407682048,372,1665,80,
697990423684476929,1451,3592,140,
697943111201378304,776,2638,126,
697881462549430272,1337,3313,126,
697630435728322560,614,1909,124,
697616773278015490,1144,3467,92,
697596423848730625,1425,3306,117,
697575480820686848,572,2250,71,
697516214579523584,1282,2281,65,
697482927769255936,765,2662,140,
697463031882764288,1552,3748,92,
697270446429966336,2087,5131,138,
697259378236399616,1136,3611,123,
697255105972801536,1315,3316,137,
697242256848379904,751,2753,130,
696900204696625153,1156,3492,105,
696894894812565505,758,2594,129,
696886256886657024,2016,5317,59,
696877980375769088,802,2689,129,
696754882863349760,396,1615,140,
696744641916489729,1069,2293,126,
696713835009417216,757,2613,117,
696518437233913856,1887,4274,47,
696490539101908992,170,1339,101,
696488710901260288,1166,2788,46,
696405997980676096,1284,3531,139,
696100768806522880,750,2125,124,
695816827381944320,1320,3287,84,
695794761660297217,880,3490,102,
695767669421768709,854,2060,101,
695629776980148225,2377,5020,108,
695446424020918272,2026,4787,123,
695409464418041856,4017,9460,134,
695314793360662529,1675,4004,126,
695095422348574720,684,2888,82,
695074328191332352,1239,3116,131,
695064344191721472,685,1771,138,
695051054296211456,885,2918,140,
694925794720792577,1043,2965,125,
694905863685980160,1053,3046,136,
694669722378485760,13517,26068,139,
694356675654983680,328,1653,135,
694352839993344000,700,2244,147,
694342028726001664,557,1727,119,
694329668942569472,569,2203,109,
694206574471057408,2297,4582,137,
694183373896572928,1040,3236,132,
694001791655137281,1176,3705,140,
693993230313091072,457,2044,125,
693942351086120961,413,1896,139,
693647888581312512,673,2961,110,
693644216740769793,150,1473,135,
693642232151285760,472,2790,133,
693629975228977152,894,2685,82,
693622659251335168,422,1691,102,
693590843962331137,2233,5565,139,
693582294167244802,292,1802,118,
693486665285931008,698,1941,123,
693280720173801472,1403,3669,143,
693267061318012928,925,2622,114,
693262851218264065,568,2459,97,
693231807727280129,841,3133,140,
693155686491000832,3622,8668,105,
693109034023534592,695,1889,99,
693095443459342336,523,2056,134,
692919143163629568,838,2926,136,
692905862751522816,998,2683,87,
692901601640583168,682,1971,47,
692894228850999298,910,2511,139,
692828166163931137,998,3148,86,
692752401762250755,4124,7496,92,
692568918515392513,1737,4739,140,
692535307825213440,1529,3504,89,
692530551048294401,474,2021,140,
692423280028966913,265,1618,103,
692417313023332352,3917,10275,140,
692187005137076224,929,2768,139,
692158366030913536,896,2369,129,
692142790915014657,438,1798,108,
692041934689402880,1424,3724,86,
692017291282812928,1081,3153,139,
691820333922455552,1860,4329,140,
691793053716221953,4732,8910,124,
691756958957883396,1161,3179,75,
691675652215414786,577,2116,114,
691483041324204033,656,2608,144,
691459709405118465,1294,4449,101,
691444869282295808,955,2890,64,
691416866452082688,8689,21253,107,
691321916024623104,747,2828,109,
691096613310316544,1019,3253,140,
691090071332753408,385,1867,71,
690989312272396288,3282,6513,96,
690959652130045952,1421,3902,139,notallpuppers
690938899477221376,2245,4536,96,
690932576555528194,1143,3602,100,
690735892932222976,1442,4134,102,
690728923253055490,597,2384,108,
690690673629138944,898,2547,110,
690649993829576704,325,1435,95,
690607260360429569,19,313,21,
690597161306841088,681,2163,143,
690400367696297985,509,2041,140,
690374419777196032,972,3560,140,
690360449368465409,1006,2925,113,
690348396616552449,573,1644,109,
690248561355657216,477,1845,137,
690021994562220032,1180,3056,117,
690015576308211712,836,2740,138,
690005060500217858,1907,4004,90,
689999384604450816,424,1561,103,
689993469801164801,518,1618,130,
689977555533848577,502,1490,88,
689905486972461056,787,2651,140,
689877686181715968,1344,3323,107,
689835978131935233,850,2369,147,
689661964914655233,1052,3501,110,
689659372465688576,4412,11394,137,
689623661272240129,748,2467,105,
689599056876867584,6265,12795,102,
689557536375177216,519,2257,51,
689517482558820352,1609,3735,113,
689289219123089408,1056,2476,122,
689283819090870273,1250,3624,136,
689280876073582592,819,2197,106,
689275259254616065,285,1273,139,
689255633275777024,1212,2805,124,
689154315265683456,1128,3348,139,
689143371370250240,579,2232,140,
688916208532455424,983,3003,93,
688908934925697024,874,2310,78,
688898160958271489,890,2307,104,
688894073864884227,792,2462,126,
688828561667567616,420,1508,139,
688804835492233216,227,1043,96,
688789766343622656,759,2434,140,
688547210804498433,789,2862,91,
688519176466644993,825,2520,97,
688385280030670848,5035,10180,94,
688211956440801280,937,2426,82,
688179443353796608,669,2328,136,
688116655151435777,888,3093,139,
688064179421470721,408,1878,87,
687841446767013888,2872,6009,78,
687826841265172480,1292,2989,116,
687818504314159109,1080,2758,75,
687807801670897665,801,2625,143,
687732144991551489,750,1935,111,
687704180304273409,950,2660,105,
687664829264453632,576,2121,139,
687494652870668288,654,2104,71,
687480748861947905,281,1760,56,
687476254459715584,619,2187,86,
687460506001633280,614,2243,140,
687399393394311168,702,2081,123,
687317306314240000,10411,22073,140,
687312378585812992,2146,4777,98,
687127927494963200,2591,6004,74,
687124485711986689,577,2371,137,
687109925361856513,2803,6370,119,
687102708889812993,1124,2571,140,
687096057537363968,695,2449,125,
686947101016735744,3582,9433,137,
686760001961103360,1551,3852,103,
686749460672679938,1666,3812,137,
686730991906516992,1350,4543,65,
686683045143953408,912,3072,120,
686618349602762752,1544,4042,130,
686606069955735556,607,2071,139,
686394059078897668,769,1928,134,
686386521809772549,996,3553,143,
686377065986265092,637,2433,90,
686358356425093120,776,2398,139,
686286779679375361,1887,4392,101,
686050296934563840,836,2420,133,
686035780142297088,138,1274,136,
686034024800862208,1324,3424,109,
686007916130873345,472,2704,87,
686003207160610816,735,2009,133,
685973236358713344,611,2326,139,
685943807276412928,696,1801,140,
685906723014619143,3303,8277,81,
685681090388975616,140,2069,130,
685667379192414208,666,2579,136,
685663452032069632,1656,3557,109,
685641971164143616,885,3218,108,
685547936038666240,17465,35052,98,
685532292383666176,1298,3336,132,
685325112850124800,4535,10471,111,
685321586178670592,735,2910,93,
685315239903100929,1234,3676,98,
685307451701334016,496,2262,140,
685268753634967552,1371,3419,135,
685198997565345792,764,2566,140,
685169283572338688,1620,4489,140,
684969860808454144,421,2374,140,
684959798585110529,3487,7004,137,
684940049151070208,1191,3523,138,
684926975086034944,552,3849,140,
684914660081053696,1662,3848,88,
684902183876321280,605,2053,137,
684880619965411328,936,2305,139,
684830982659280897,24514,38551,99,
684800227459624960,1124,2979,139,
684594889858887680,4016,9843,116,
684588130326986752,1592,4489,80,
684567543613382656,1418,3312,140,
684538444857667585,1085,2915,120,
684481074559381504,1320,4249,140,
684460069371654144,628,2169,140,
684241637099323392,3727,8999,61,
684225744407494656,239,1369,126,
684222868335505415,1563,4225,140,
684200372118904832,1177,2394,140,
684195085588783105,595,2108,68,
684188786104872960,1343,3831,140,
684177701129875456,764,2215,124,
684147889187209216,1703,3265,126,
684122891630342144,539,2176,136,
684097758874210310,1621,4515,90,
683857920510050305,1262,4163,136,
683852578183077888,397,2111,137,
683849932751646720,1116,2896,115,
683834909291606017,1265,2880,143,
683828599284170753,1195,3053,135,
683773439333797890,1533,3684,139,
683742671509258241,3781,7162,137,
683515932363329536,3291,8058,116,
683498322573824003,1095,3469,137,
683481228088049664,1118,2878,140,
683462770029932544,761,2676,99,
683449695444799489,1837,4290,140,
683391852557561860,2702,8356,133,
683357973142474752,1059,3238,90,
683142553609318400,1173,3162,138,
683111407806746624,1034,3736,121,
683098815881154561,736,2361,75,
683078886620553216,634,2176,134,
683030066213818368,832,2370,138,
682962037429899265,15043,26239,139,
682808988178739200,210,1953,139,
682788441537560576,1258,2706,120,
682750546109968385,494,1674,139,
682697186228989953,397,1440,67,
682662431982772225,1207,3326,140,
682638830361513985,675,2266,70,
682429480204398592,1320,3769,137,
682406705142087680,2019,8319,67,
682393905736888321,773,2441,104,
682389078323662849,518,1828,140,
682303737705140231,1135,3389,137,
682259524040966145,1375,4578,136,
682242692827447297,1341,3566,115,
682088079302213632,11271,20108,96,
682059653698686977,1915,5442,102,
682047327939461121,1088,3525,134,
682032003584274432,2294,7223,93,
682003177596559360,1722,3464,140,
681981167097122816,1161,3043,136,
681891461017812993,951,2706,140,
681694085539872773,4581,14010,139,
681679526984871937,499,1923,135,
681654059175129088,1045,2903,138,
681610798867845120,533,2100,41,
681579835668455424,1489,3893,130,
681523177663676416,6620,15749,140,
681340665377193984,313,1803,106,
681339448655802368,4598,10202,139,
681320187870711809,863,2918,100,
681302363064414209,2072,4347,134,
681297372102656000,1091,3490,139,
681281657291280384,1258,3520,140,
681261549936340994,308,1597,138,
681242418453299201,624,1645,139,
681231109724700672,540,2629,79,
681193455364796417,1691,4077,139,
680970795137544192,749,2665,137,
680959110691590145,2243,4986,140,
680940246314430465,1225,3544,59,
680934982542561280,497,2285,140,
680913438424612864,705,2609,100,
680889648562991104,418,1945,131,
680836378243002368,1513,3766,89,
680805554198020098,751,2370,74,
680801747103793152,925,2600,144,
680798457301471234,1182,3134,134,
680609293079592961,816,2906,123,
680583894916304897,1514,3939,140,
680497766108381184,2162,4639,139,
680494726643068929,542,1879,106,
680473011644985345,844,2778,115,
680440374763077632,564,1583,118,
680221482581123072,329,1598,78,
680206703334408192,1323,3115,96,
680191257256136705,577,2356,62,
680176173301628928,1760,4263,94,
680161097740095489,828,2538,139,
680145970311643136,1972,3955,134,
680130881361686529,1078,2519,98,
680115823365742593,1028,2972,127,
680100725817409536,1554,3891,137,
680085611152338944,10034,13959,139,
680070545539371008,994,2818,139,
680055455951884288,8067,18278,136,
679877062409191424,726,2155,139,
679872969355714560,749,2365,120,
679862121895714818,706,2678,73,
679854723806179328,1402,3143,140,
679844490799091713,887,2593,119,
679828447187857408,15839,39726,69,
679777920601223168,1281,3390,77,
679736210798047232,918,2311,137,
679729593985699840,937,2367,140,
679722016581222400,539,1817,131,
679530280114372609,2347,5208,140,
679527802031484928,823,2892,73,
679511351870550016,1461,3711,133,
679503373272485890,1673,3484,139,
679475951516934144,728,2304,73,
679462823135686656,21324,34856,134,
679405845277462528,1364,2594,96,
679158373988876288,9193,23568,66,
679148763231985668,1163,3028,137,
679132435750195208,1314,3253,131,
679111216690831360,2893,6514,79,
679062614270468097,9299,18712,72,
679047485189439488,781,2460,106,
679001094530465792,1378,3075,79,
678991772295516161,1333,2537,95,
678969228704284672,528,1796,140,
678800283649069056,1018,2810,93,
678798276842360832,1350,3804,68,
678774928607469569,1043,3037,126,
678767140346941444,1553,3864,68,
678764513869611008,544,1788,130,
678755239630127104,3741,7802,133,
678740035362037760,1926,4099,137,
678708137298427904,2753,6082,133,
678675843183484930,1680,3155,140,
678643457146150913,489,2250,136,
678446151570427904,1785,4358,143,
678424312106393600,2880,5916,140,
678410210315247616,2072,4640,122,
678399652199309312,30742,61794,60,
678396796259975168,478,1731,88,
678389028614488064,473,2044,115,
678380236862578688,1020,2655,94,
678341075375947776,612,1896,53,
678334497360859136,304,1427,134,
678278586130948096,6857,12531,137,
678255464182861824,418,1726,140,
678023323247357953,439,2095,92,
678021115718029313,7148,15018,68,
677961670166224897,1879,3701,127,
677918531514703872,463,1476,140,
677895101218201600,2384,5275,137,
677716515794329600,1104,3323,70,
677700003327029250,1622,3689,73,
677698403548192770,363,1332,88,
677687604918272002,950,2681,123,
677673981332312066,1677,3603,137,
677662372920729601,1101,2134,108,
677644091929329666,886,2040,103,
677573743309385728,819,2322,138,
677565715327688705,513,1409,140,
677557565589463040,1322,2665,140,
677547928504967168,4076,7568,92,
677530072887205888,250,1161,136,
677335745548390400,2017,3328,49,
677334615166730240,328,1477,55,
677331501395156992,265,1189,139,
677328882937298944,1693,3938,105,
677314812125323265,611,1799,145,
677301033169788928,471,1362,99,
677269281705472000,790,2164,96,
677228873407442944,1840,3837,73,
677187300187611136,1033,2981,139,
676975532580409345,1203,3015,135,
676957860086095872,907,2395,80,
676949632774234114,448,1413,140,
676948236477857792,980,2354,77,
676946864479084545,426,1844,120,
676942428000112642,855,2261,76,
676936541936185344,5515,13809,137,
676916996760600576,2002,3231,90,
676897532954456065,817,2426,138,
676864501615042560,808,2294,139,
676821958043033607,17605,25124,89,
676819651066732545,741,1957,103,
676811746707918848,469,1536,143,
676776431406465024,2249,5405,117,
676617503762681856,1108,3149,131,
676613908052996102,219,1183,90,
676606785097199616,490,2039,67,
676603393314578432,440,1280,144,
676593408224403456,2410,4954,80,
676590572941893632,142,1001,110,
676588346097852417,896,2533,140,
676582956622721024,312,1310,140,
676575501977128964,1254,2807,116,
676533798876651520,621,2025,45,
676496375194980353,602,1641,135,
676470639084101634,5224,12616,66,
676440007570247681,748,1863,101,
676430933382295552,385,1526,140,
676263575653122048,609,2243,137,
676237365392908289,331,1335,136,
676219687039057920,31989,67100,92,
676215927814406144,661,1881,136,
676191832485810177,1145,2478,137,
676146341966438401,744,2077,61,
676121918416756736,1297,2335,131,
676101918813499392,1284,3042,69,
676098748976615425,1623,3279,139,
676089483918516224,483,1431,101,
675898130735476737,653,1774,118,
675891555769696257,976,2297,139,
675888385639251968,1067,2581,134,
675878199931371520,1570,4531,134,
675870721063669760,632,1783,144,
675853064436391936,1460,2927,107,
675849018447167488,172,1027,111,
675845657354215424,1000,2477,139,
675822767435051008,591,1652,67,
675820929667219457,260,1140,139,
675798442703122432,3787,11101,88,
675781562965868544,537,1750,78,
675740360753160193,388,1257,82,
675710890956750848,928,2046,131,
675707330206547968,771,2154,82,
675706639471788032,106,693,140,
675534494439489536,470,1953,112,
675531475945709568,428,1276,140,
675522403582218240,316,1122,134,
675517828909424640,507,1414,39,
675501075957489664,6485,18482,104,
675497103322386432,1443,3397,136,
675489971617296384,672,1406,136,
675483430902214656,1081,1985,137,
675432746517426176,627,1623,79,
675372240448454658,563,1838,72,
675362609739206656,262,1136,131,
675354435921575936,18963,35178,59,
675349384339542016,2532,4237,58,
675334060156301312,1436,3007,65,
675166823650848770,1795,3920,138,
675153376133427200,2734,6072,121,
675149409102012420,1878,4037,39,
675147105808306176,273,1026,128,
675146535592706048,349,1300,98,
675145476954566656,1011,2305,138,
675135153782571009,542,1398,98,
675113801096802304,877,2120,140,
675111688094527488,283,1042,137,
675109292475830276,1259,3006,137,
675047298674663426,366,1141,117,
675015141583413248,1335,2918,139,
675006312288268288,252,1057,134,
675003128568291329,517,1672,140,
674999807681908736,1232,2433,101,
674805413498527744,391,934,133,
674800520222154752,949,3240,137,
674793399141146624,1225,2697,51,
674790488185167872,278,1180,47,
674788554665512960,230,871,128,
674781762103414784,1335,2169,134,
674774481756377088,532,1213,139,
674767892831932416,883,1981,139,
674764817387900928,263,852,140,
674754018082705410,488,1456,89,
674752233200820224,516,1580,104,
674743008475090944,607,1514,98,
674742531037511680,55,527,107,
674739953134403584,437,1194,69,
674737130913071104,103,693,144,
674690135443775488,510,1237,139,
674670581682434048,729,1751,143,
674664755118911488,276,994,139,
674646392044941312,557,1533,141,
674644256330530816,311,1111,77,
674638615994089473,650,1806,133,
674632714662858753,637,1617,140,
674606911342424069,115,1013,134,
674468880899788800,2275,6676,91,
674447403907457024,393,1137,138,
674436901579923456,426,1198,139,
674422304705744896,592,1536,94,
674416750885273600,157,731,133,
674410619106390016,515,1289,91,
674394782723014656,635,1607,110,
674372068062928900,346,931,144,
674330906434379776,83,602,11,
674318007229923329,570,1516,96,
674307341513269249,7641,12129,52,
674291837063053312,6533,15817,92,
674271431610523648,800,1682,62,
674269164442398721,255,961,140,
674265582246694913,936,1766,138,
674262580978937856,498,1391,125,
674255168825880576,619,1581,77,
674082852460433408,186,804,94,
674075285688614912,316,1047,121,
674063288070742018,2450,6769,135,
674053186244734976,1441,3576,136,
674051556661161984,530,1564,109,
674045139690631169,710,1520,137,
674042553264685056,142,772,94,
674038233588723717,456,1176,100,
674036086168010753,240,906,144,
674024893172875264,1360,1914,112,
674019345211760640,340,1208,139,
674014384960745472,714,1676,139,
674008982932058114,393,1297,140,
673956914389192708,1069,2091,95,
673919437611909120,401,1251,133,
673906403526995968,1799,3406,139,
673887867907739649,274,994,117,
673716320723169284,843,3289,88,
673715861853720576,2303,3815,134,
673711475735838725,325,1114,66,
673709992831262724,306,908,122,
673708611235921920,315,1153,111,
673707060090052608,434,1177,116,
673705679337693185,439,1337,131,
673700254269775872,638,1532,139,
673697980713705472,2165,4067,117,
673689733134946305,700,1855,88,
673688752737402881,534,1325,83,
673686845050527744,479,1544,93,
673680198160809984,521,1460,76,
673662677122719744,397,1339,75,
673656262056419329,265,769,140,
673636718965334016,404,1194,139,
673612854080196609,802,1691,135,
673583129559498752,403,1273,137,
673580926094458881,297,882,101,
673576835670777856,613,1482,138,
673363615379013632,338,1088,136,
673359818736984064,728,1558,118,
673355879178194945,652,1606,134,
673352124999274496,597,1761,98,
673350198937153538,229,784,117,
673345638550134785,1422,2700,136,
673343217010679808,289,1038,53,
673342308415348736,649,1362,77,
673320132811366400,8705,14441,97,
673317986296586240,293,924,119,
673295268553605120,3484,8046,140,
673270968295534593,400,1134,71,
673240798075449344,798,1510,140,
673213039743795200,929,2410,72,
673148804208660480,688,1822,126,
672997845381865473,786,2092,118,
672995267319328768,328,1001,120,
672988786805112832,314,1039,130,
672984142909456390,593,1338,120,
672980819271634944,1079,1930,121,
672975131468300288,1015,1813,94,
672970152493887488,391,1019,107,
672968025906282496,602,1405,130,
672964561327235073,701,1530,138,
672902681409806336,550,1452,83,
672898206762672129,459,944,125,
672884426393653248,897,1661,140,
672877615439593473,405,1096,123,
672834301050937345,623,1398,74,
672828477930868736,533,1343,140,
672640509974827008,348,1032,89,
672622327801233409,542,1377,128,
672614745925664768,644,1302,132,
672609152938721280,424,1180,88,
672604026190569472,445,1188,100,
672594978741354496,661,1411,137,
672591762242805761,367,1014,59,
672591271085670400,207,782,104,
672538107540070400,404,1089,96,
672523490734551040,189,696,126,
672488522314567680,482,1187,134,
672482722825261057,665,1221,106,
672481316919734272,137,757,101,
672475084225949696,770,1529,138,
672466075045466113,598,1447,127,
672272411274932228,3677,6888,95,
672267570918129665,666,1588,84,
672264251789176834,383,1212,123,
672256522047614977,1699,2999,139,
672254177670729728,800,1515,89,
672248013293752320,656,1833,95,
672245253877968896,169,733,124,
672239279297454080,347,953,74,
672231046314901505,1089,1956,138,
672222792075620352,231,833,127,
672205392827572224,1270,2414,130,
672169685991993344,408,1074,94,
672160042234327040,395,918,138,
672139350159835138,792,1876,94,
672125275208069120,1253,2578,81,
672095186491711488,395,1063,83,
672082170312290304,402,1003,77,
672068090318987265,564,1389,138,
671896809300709376,4519,9016,104,
671891728106971137,618,1415,138,
671882082306625538,1488,3693,137,
671879137494245376,748,1507,139,
671874878652489728,601,1330,132,
671866342182637568,548,1191,139,
671855973984772097,502,977,117,
671789708968640512,3811,7527,139,
671768281401958400,572,1269,144,
671763349865160704,999,1788,130,
671744970634719232,841,1430,136,
671743150407421952,248,779,136,
671735591348891648,819,1534,70,
671729906628341761,4795,9119,76,
671561002136281088,7931,13679,144,
671550332464455680,229,967,135,
671547767500775424,658,1444,127,
671544874165002241,1145,2126,140,
671542985629241344,616,1166,140,
671538301157904385,436,993,136,
671536543010570240,441,1253,130,
671533943490011136,631,1092,139,
671528761649688577,280,896,130,
671520732782923777,582,1499,78,
671518598289059840,319,1010,137,
671511350426865664,791,1734,122,
671504605491109889,3866,7495,92,
671497587707535361,481,980,123,
671488513339211776,516,1073,138,
671486386088865792,226,621,68,
671485057807351808,253,806,139,
671390180817915904,805,1513,138,
671362598324076544,325,1193,113,
671357843010908160,157,426,68,
671355857343524864,119,508,135,
671347597085433856,476,1031,90,
671186162933985280,241,788,98,
671182547775299584,378,1193,89,
671166507850801152,390,931,130,
671163268581498880,1198,1763,137,
671159727754231808,89,401,137,
671154572044468225,241,769,143,
671151324042559489,166,714,62,
671147085991960577,254,713,140,
671141549288370177,713,1246,140,
671138694582165504,448,996,57,
671134062904504320,212,796,140,
671122204919246848,2763,3729,136,
671115716440031232,842,1436,140,
671109016219725825,478,1225,135,
670995969505435648,317,1175,93,
670842764863651840,4324,7989,81,
670840546554966016,213,634,139,
670838202509447168,758,1189,140,
670833812859932673,135,474,71,
670832455012716544,242,780,86,
670826280409919488,4485,5961,139,
670823764196741120,205,824,65,
670822709593571328,105,647,74,
670815497391357952,1708,3410,66,
670811965569282048,295,1202,123,
670807719151067136,546,1234,143,
670804601705242624,1035,2098,140,
670803562457407488,95,362,116,
670797304698376195,262,780,140,
670792680469889025,298,889,140,
670789397210615808,255,700,139,
670786190031921152,218,640,119,
670783437142401025,431,872,136,
670782429121134593,863,1691,76,
670780561024270336,317,831,136,
670778058496974848,77,345,55,
670764103623966721,466,1154,134,
670755717859713024,123,475,120,
670733412878163972,558,1030,124,
670727704916926465,403,887,121,
670717338665226240,547,1301,95,
670704688707301377,405,814,135,
670691627984359425,266,632,123,
670679630144274432,315,799,139,
670676092097810432,45,267,116,
670668383499735048,5537,11452,123,
670474236058800128,835,1635,140,
670468609693655041,90,375,139,
670465786746662913,608,1048,138,
670452855871037440,225,580,60,
670449342516494336,729,1264,140,
670444955656130560,2153,7120,88,
670442337873600512,213,690,124,
670435821946826752,570,1127,106,
670434127938719744,708,1501,135,
670433248821026816,122,345,126,
670428280563085312,694,1484,64,
670427002554466305,179,551,139,
670421925039075328,709,1415,40,
670420569653809152,342,668,104,
670417414769758208,350,604,128,
670411370698022913,991,2176,109,
670408998013820928,249,600,134,
670403879788544000,173,460,139,
670385711116361728,234,593,140,
670374371102445568,295,785,140,
670361874861563904,71,344,137,
670338931251150849,122,451,103,
670319130621435904,1359,4110,49,
670303360680108032,151,452,138,
670290420111441920,315,750,110,
670093938074779648,365,1106,133,
670086499208155136,275,740,140,
670079681849372674,1373,2390,140,
670073503555706880,874,1674,112,
670069087419133954,278,676,140,
670061506722140161,373,822,140,
670055038660800512,357,716,130,
670046952931721218,191,684,144,
670040295598354432,118,801,59,
670037189829525505,306,625,140,
670003130994700288,100,352,133,
669993076832759809,92,344,125,
669972011175813120,175,471,134,
669970042633789440,65,317,139,
669942763794931712,183,536,139,
669926384437997569,115,400,98,
669923323644657664,64,250,138,
669753178989142016,431,858,124,
669749430875258880,71,289,129,
669684865554620416,99,551,125,
669683899023405056,119,412,70,
669682095984410625,146,375,93,
669680153564442624,311,712,139,"NoDaysOff,swole"
669661792646373376,482,860,139,
669625907762618368,1963,3769,98,
669603084620980224,401,1006,140,
669597912108789760,163,550,140,
669583744538451968,1017,1587,140,
669573570759163904,156,467,122,
669571471778410496,1085,1684,83,
669567591774625800,61,248,139,
669564461267722241,133,413,138,
669393256313184256,83,383,133,
669375718304980992,792,1425,111,
669371483794317312,196,524,139,
669367896104181761,172,485,92,
669363888236994561,252,669,135,
669359674819481600,134,390,139,
669354382627049472,1390,2889,64,
669353438988365824,281,687,114,
669351434509529089,207,474,125,
669328503091937280,452,1081,120,
669327207240699904,127,610,138,
669324657376567296,223,525,139,
669216679721873412,422,958,137,
669214165781868544,183,468,134,
669203728096960512,522,1074,120,
669037058363662336,336,698,141,
669015743032369152,403,785,138,
669006782128353280,269,610,110,
669000397445533696,6965,22118,133,
668994913074286592,254,468,140,
668992363537309700,381,802,139,
668989615043424256,356,726,140,
668988183816871936,516,961,139,
668986018524233728,183,578,140,
668981893510119424,340,573,138,
668979806671884288,382,842,139,
668975677807423489,641,1386,134,
668967877119254528,25,161,29,
668960084974809088,263,757,144,
668955713004314625,77,300,140,
668932921458302977,63,284,140,
668902994700836864,107,338,125,
668892474547511297,164,422,139,
668872652652679168,322,566,136,
668852170888998912,184,479,144,
668826086256599040,150,467,139,
668815180734689280,291,610,137,
668779399630725120,409,749,123,
668655139528511488,233,562,112,
668645506898350081,588,962,108,
668643542311546881,576,939,140,
668641109086707712,573,1145,63,
668636665813057536,528,1114,139,
668633411083464705,1788,3024,63,
668631377374486528,349,763,135,
668627278264475648,123,341,144,
668625577880875008,140,417,85,
668623201287675904,851,1551,97,
668620235289837568,45,211,144,
668614819948453888,341,654,139,
668587383441514497,1174,1760,134,
668567822092664832,62,265,82,
668544745690562560,250,561,140,
668542336805281792,231,497,140,
668537837512433665,79,265,144,
668528771708952576,242,496,139,
668507509523615744,116,345,138,
668496999348633600,146,436,139,
668484198282485761,253,453,137,
668480044826800133,162,491,138,
668466899341221888,560,936,135,
668297328638447616,319,656,140,
668291999406125056,34,264,60,
668286279830867968,149,535,137,
668274247790391296,248,886,140,
668268907921326080,261,592,138,
668256321989451776,667,1385,138,
668248472370458624,523,1056,132,
668237644992782336,3100,6614,140,
668226093875376128,115,323,84,
668221241640230912,215,537,143,
668204964695683073,206,586,99,
668190681446379520,210,696,111,
668171859951755264,208,525,129,
668154635664932864,336,522,139,
668142349051129856,306,592,140,
668113020489474048,265,709,132,
667937095915278337,866,1356,138,
667924896115245057,119,318,139,
667915453470232577,59,222,138,
667911425562669056,329,523,138,
667902449697558528,396,905,137,
667886921285246976,1180,2011,139,
667885044254572545,530,868,117,
667878741721415682,127,409,139,
667873844930215936,440,667,135,
667866724293877760,1110,3172,140,
667861340749471744,86,253,140,
667832474953625600,68,303,112,
667806454573760512,535,1111,102,
667801013445750784,101,346,36,
667793409583771648,358,736,119,
667782464991965184,261,434,134,
667773195014021121,61,243,136,
667766675769573376,243,476,139,
667728196545200128,162,398,140,
667724302356258817,341,517,140,
667550904950915073,37,0,123,
667550882905632768,34,0,104,
667549055577362432,2454,6138,140,
667546741521195010,138,355,140,
667544320556335104,568,917,139,
667538891197542400,72,220,117,
667534815156183040,576,866,140,
667530908589760512,264,501,113,
667524857454854144,1198,1798,136,
667517642048163840,203,389,143,
667509364010450944,2272,7148,116,
667502640335572993,231,563,140,
667495797102141441,294,565,140,
667491009379606528,242,559,138,
667470559035432960,102,273,138,
667455448082227200,66,203,137,
667453023279554560,96,327,86,
667443425659232256,620,833,138,
667437278097252352,257,483,115,
667435689202614272,89,326,39,
667405339315146752,234,489,65,
667393430834667520,60,211,132,
667369227918143488,173,385,106,
667211855547486208,258,516,133,
667200525029539841,282,658,139,
667192066997374976,115,414,99,
667188689915760640,449,784,136,
667182792070062081,6618,15075,137,
667177989038297088,58,200,134,
667176164155375616,484,640,140,
667174963120574464,88,262,131,
667171260800061440,97,235,75,
667165590075940865,1241,2819,135,
667160273090932737,66,268,138,
667152164079423490,18285,49720,143,
667138269671505920,2387,4851,131,
667119796878725120,135,346,135,
667090893657276420,132,349,140,
667073648344346624,134,425,106,
667070482143944705,14,88,69,
667065535570550784,51,175,135,
667062181243039745,57,227,132,
667044094246576128,54,198,39,
667012601033924608,237,471,76,
666996132027977728,102,258,105,
666983947667116034,1040,2679,120,
666837028449972224,584,857,138,
666835007768551424,83,222,144,
666826780179869698,105,266,50,
666817836334096384,267,540,137,
666804364988780544,95,250,135,
666786068205871104,521,800,139,
666781792255496192,211,404,107,
666776908487630848,186,368,139,
666739327293083650,71,244,140,
666701168228331520,234,449,139,
666691418707132416,51,196,99,
666649482315059201,608,923,138,
666644823164719104,88,238,140,
666454714377183233,223,545,96,
666447344410484738,23,107,119,
666437273139982337,52,131,138,
666435652385423360,54,170,125,
666430724426358785,204,330,129,
666428276349472768,90,171,116,
666421158376562688,118,327,52,
666418789513326592,48,129,138,
666411507551481857,339,459,140,
666407126856765440,44,113,139,
666396247373291520,92,172,137,
666373753744588802,100,194,81,
666362758909284353,595,804,140,
666353288456101888,77,229,135,
666345417576210432,146,307,112,
666337882303524864,96,204,139,
666293911632134144,368,522,138,
666287406224695296,71,152,136,
666273097616637952,82,184,46,
666268910803644416,37,108,82,
666104133288665088,6871,14765,134,
666102155909144576,16,81,128,
666099513787052032,73,164,140,
666094000022159362,79,169,132,
666082916733198337,47,121,125,
666073100786774016,174,335,137,
666071193221509120,67,154,137,
666063827256086533,232,496,107,
666058600524156928,61,115,135,
666057090499244032,146,304,124,
666055525042405380,261,448,140,
666051853826850816,879,1253,138,
666050758794694657,60,136,140,
666049248165822465,41,111,120,
666044226329800704,147,311,137,
666033412701032449,47,128,130,
666029285002620928,48,132,139,
666020888022790149,532,2535,131,
