tweet_id,name,dog_stage,breed
892177421306343426,Tilly,,Chihuahua
891815181378084864,Archie,,Chihuahua
891689557279858688,Darla,,
891327558926688256,Franklin,,basset
891087950875897856,,,Chesapeake_Bay_retriever
890971913173991426,Jax,,Appenzeller
890729181411237888,,,Pomeranian
890609185150312448,Zoey,,Irish_terrier
890240255349198849,Cassie,doggo,Pembroke
890006608113172480,Koda,,Samoyed
889880896479866881,Bruno,,French_bulldog
889665388333682689,,puppo,Pembroke
889638837579907072,Ted,,French_bulldog
889531135344209921,Stuart,puppo,golden_retriever
889278841981685760,Oliver,,whippet
888917238123831296,Jim,,golden_retriever
888804989199671297,Zeke,,golden_retriever
888554962724278272,Ralphus,,Siberian_husky
888078434458587136,Gerald,,French_bulldog
887705289381826560,Jeffrey,,basset
887473957103951883,Canela,,Pembroke
887343217045368832,,,Mexican_hairless
887101392804085760,,,Samoyed
886983233522544640,Maya,,Chihuahua
886736880519319552,Mingus,,kuvasz
886366144734445568,Roscoe,pupper,French_bulldog
886258384151887873,Waffles,,pug
885984800019947520,,,Blenheim_spaniel
885528943205470208,Maisey,,pug
885167619883638784,,,malamute
884925521741709313,Earl,,Italian_greyhound
884876753390489601,Lola,,chow
884562892145688576,Kevin,,pug
884441805382717440,,,Pembroke
884162670584377345,Yogi,doggo,German_shepherd
883838122936631299,Noah,,Doberman
883482846933004288,Bella,,golden_retriever
883360690899218434,Grizzwald,floofer,chow
883117836046086144,,,golden_retriever
882992080364220416,Rusty,,Eskimo_dog
882762694511734784,Gus,pupper,Labrador_retriever
882627270321602560,Stanley,,Pembroke
882268110199369728,Alfy,,golden_retriever
882045870035918850,Koko,,
881906580714921986,Rey,,Weimaraner
881666595344535552,Gary,,Saluki
881536004380872706,,pupper,Samoyed
880872448815771648,,,Pembroke
880465832366813184,Bella,,golden_retriever
880221127280381952,Jesse,,Chihuahua
880095782870896641,,,miniature_pinscher
879862464715927552,Romeo,,basset
879492040517615616,Bailey,,German_short-haired_pointer
879415818425184262,Duddles,,English_springer
879376492567855104,Jack,,
879008229531029506,Beau,,vizsla
878776093423087618,Snoopy,puppo,Italian_greyhound
878281511006478336,Shadow,,basset
878057613040115712,Emmy,,French_bulldog
877736472329191424,Aja,,Chesapeake_Bay_retriever
877556246731214848,Penny,,basset
877316821321428993,Dante,,Saluki
877201837425926144,Nelly,,Pembroke
876838120628539392,Ginger,pupper,bloodhound
876484053909872640,Benedict,,golden_retriever
876120275196170240,"Venti,",,Bernese_mountain_dog
875747767867523072,Goose,,Labrador_retriever
875144289856114688,Nugget,,Siberian_husky
875021211251597312,,,West_Highland_white_terrier
874680097055178752,Cash,,Labrador_retriever
874296783580663808,Jed,pupper,cocker_spaniel
874057562936811520,,,flat-coated_retriever
874012996292530176,Sebastian,puppo,Cardigan
873580283840344065,,,Newfoundland
873213775632977920,Sierra,pupper,vizsla
872967104147763200,,doggo,Labrador_retriever
872820683541237760,,,pug
872620804844003328,Monkey,,cocker_spaniel
872486979161796608,,,Pembroke
872261713294495745,Harry,,Labrador_retriever
872122724285648897,Kody,,
871879754684805121,Lassie,,Shetland_sheepdog
871762521631449091,Rover,pupper,Labrador_retriever
871515927908634625,Napolean,doggo,komondor
871032628920680449,Boomer,,kelpie
870656317836468226,Cody,,Pembroke
870374049280663552,Zoey,,golden_retriever
870308999962521604,"Rumble,",,Greater_Swiss_Mountain_dog
869772420881756160,Dewey,,Pembroke
869702957897576449,Stanley,,Pembroke
869596645499047938,Scout,doggo,Chihuahua
869227993411051520,Gizmo,,Pembroke
868880397819494401,Walter,,
868622495443632128,,,Labrador_retriever
868552278524837888,Cooper,,whippet
867900495410671616,,,Labrador_retriever
867774946302451713,Harold,,Border_collie
867421006826221569,Shikha,puppo,Eskimo_dog
867051520902168576,,,Samoyed
866686824827068416,Lili,,flat-coated_retriever
866450705531457537,Jamesy,pupper,French_bulldog
866334964761202691,Coco,,Samoyed
865718153858494464,Boomer,,golden_retriever
865359393868664832,Sammy,,Chesapeake_Bay_retriever
865006731092295680,Nelly,,Pembroke
864279568663928832,Meatball,,bull_mastiff
864197398364647424,Paisley,,golden_retriever
863553081350529029,Neptune,,Eskimo_dog
863432100342583297,Belle,,Staffordshire_bullterrier
863079547188785154,,,Lakeland_terrier
863062471531167744,Quinn,,French_bulldog
862831371563274240,Zooey,,Australian_terrier
862722525377298433,Dave,,basset
862096992088072192,,,chow
861383897657036800,Hobbes,,Cardigan
861288531465048066,,,
861005113778896900,Burt,,German_shepherd
860563773140209665,Lorenzo,,Cardigan
860524505164394496,Carl,,Bedlington_terrier
859924526012018688,Milky,,French_bulldog
859851578198683649,Trooper,,Labrador_retriever
859607811541651456,,puppo,golden_retriever
859196978902773760,,,
858843525470990336,,doggo,golden_retriever
858471635011153920,Sophie,,Pembroke
858107933456039936,Wyatt,,golden_retriever
857989990357356544,Rosie,,French_bulldog
857746408056729600,Thor,,Labrador_retriever
857393404942143489,,,malamute
857263160327368704,Oscar,,Samoyed
857029823797047296,Zeke,,golden_retriever
856543823941562368,Callie,,Boston_bull
856526610513747968,"CHARLIE,",,Old_English_sheepdog
856282028240666624,"Cermet,",,Chihuahua
855851453814013952,,doggo,flat-coated_retriever
855459453768019968,,,Blenheim_spaniel
854732716440526848,Marlee,,Pembroke
854482394044301312,Arya,,Chihuahua
854365224396361728,Einstein,,Pembroke
854120357044912130,,pupper,black-and-tan_coonhound
854010172552949760,,doggo,English_springer
853760880890318849,Alice,,miniature_pinscher
853639147608842240,,,German_shepherd
852912242202992640,Benny,,Great_Dane
852672615818899456,Aspen,,golden_retriever
852553447878664193,Jarod,,bloodhound
852189679701164033,Sailor,,
851591660324737024,,,Cardigan
851224888060895234,Snoop,,
850753642995093505,Kyle,,pug
850380195714523136,Leo,,Yorkshire_terrier
850145622816686080,Riley,,
850019790995546112,Boomer,pupper,Shetland_sheepdog
849776966551130114,,,Chihuahua
849412302885593088,Noosh,,schipperke
848690551926992896,,,flat-coated_retriever
848324959059550208,Odin,,malamute
848212111729840128,Jerry,,Bedlington_terrier
847842811428974592,Rontu,,Bernese_mountain_dog
847606175596138505,Cannon,,Cardigan
847251039262605312,Furzey,,Airedale
847157206088847362,Daisy,,Staffordshire_bullterrier
847116187444137987,,,
846874817362120707,Tuck,,Shetland_sheepdog
846514051647705089,Barney,doggo,golden_retriever
846153765933735936,Vixen,,giant_schnauzer
846042936437604353,Jarvis,,golden_retriever
845812042753855489,,,Samoyed
845677943972139009,,,chow
845397057150107648,Mimosa,doggo,Dandie_Dinmont
845306882940190720,Pickles,pupper,Irish_water_spaniel
844979544864018432,,,
844973813909606400,Brady,,Labrador_retriever
844704788403113984,Luna,,Labrador_retriever
844223788422217728,Margo,,Labrador_retriever
843856843873095681,Sadie,,Labrador_retriever
843604394117681152,Hank,,Labrador_retriever
843235543001513987,Tycho,,Pembroke
842846295480000512,Charlie,,Labrador_retriever
842765311967449089,Indie,,
842535590457499648,Winnie,,Pembroke
842163532590374912,George,,French_bulldog
842115215311396866,Bentley,,chow
841680585030541313,Penny,,Chihuahua
841439858740625411,,,
841314665196081154,Max,,Afghan_hound
841077006473256960,Dawn,,Brittany_spaniel
840632337062862849,Maddie,,golden_retriever
840268004936019968,Monty,,Chesapeake_Bay_retriever
839990271299457024,Sojourner,,Staffordshire_bullterrier
839549326359670784,Winston,,
839239871831150596,Odie,,Leonberg
838921590096166913,Arlo,,Border_terrier
838561493054533637,Walter,,kelpie
838476387338051585,Stanley,,Great_Pyrenees
838083903487373313,Daisy,,chow
837820167694528512,,pupper,golden_retriever
837471256429613056,Vincent,,Norwegian_elkhound
837366284874571778,Lucy,,American_Staffordshire_terrier
837110210464448512,Clark,pupper,Siberian_husky
836989968035819520,Mookie,,
836753516572119041,Meera,doggo,
836260088725786625,Lucy,,borzoi
836001077879255040,,,Samoyed
835574547218894849,Eli,,Staffordshire_bullterrier
835297930240217089,Ash,,Rottweiler
835264098648616962,Lola,,
835172783151792128,,,Border_collie
835152434251116546,,,
834931633769889797,Tucker,,
834786237630337024,Tobi,,Border_terrier
834574053763584002,,doggo,
834458053273591808,Chester,,Rhodesian_ridgeback
834209720923721728,Wilson,,golden_retriever
834086379323871233,Lipton,,
833863086058651648,Bentley,,kuvasz
833826103416520705,Charlie,,Chihuahua
833722901757046785,Bronte,,West_Highland_white_terrier
833479644947025920,Poppy,,golden_retriever
833124694597443584,Gidget,pupper,Cardigan
832998151111966721,Rhino,doggo,boxer
832757312314028032,Willow,,Cardigan
832636094638288896,Orion,,Eskimo_dog
832397543355072512,Eevee,,Pekinese
832369877331693569,Charlie,,kelpie
832273440279240704,Smiley,doggo,Pembroke
832032802820481025,Miguel,doggo,whippet
831939777352105988,Emanuel,doggo,Pomeranian
831911600680497154,Kuyu,,bloodhound
831670449226514432,Daisy,,Pembroke
831650051525054464,,,Eskimo_dog
831552930092285952,Dutch,,Chihuahua
831322785565769729,Pete,doggo,Old_English_sheepdog
831315979191906304,,pupper,briard
831309418084069378,Scooter,,Doberman
831262627380748289,Tucker,,cocker_spaniel
830956169170665475,Reggie,,kuvasz
830583320585068544,Lilly,,Labrador_retriever
830097400375152640,Samson,,toy_poodle
829861396166877184,Mia,,Border_terrier
829501995190984704,Leo,,French_bulldog
829449946868879360,,doggo,Labrador_retriever
829374341691346946,Astrid,doggo,Staffordshire_bullterrier
829141528400556032,Malcolm,,golden_retriever
829011960981237760,Dexter,,boxer
828770345708580865,Alfie,,
828708714936930305,Fiona,,
828650029636317184,,,golden_retriever
828409743546925057,Mutt,,
828408677031882754,Bear,,Weimaraner
828381636999917570,Doobert,doggo,Bedlington_terrier
828376505180889089,Beebop,,American_Staffordshire_terrier
828372645993398273,Alexander,,malamute
828011680017821696,Brutus,,American_Staffordshire_terrier
827933404142436356,Kona,pupper,German_shepherd
827653905312006145,Boots,,collie
827600520311402496,Tucker,,Pembroke
827324948884643840,Ralphie,,golden_retriever
827199976799354881,Charlie,,Great_Dane
826958653328592898,Loki,doggo,golden_retriever
826848821049180160,Cupid,doggo,Great_Pyrenees
826598365270007810,Pawnd,,French_bulldog
826476773533745153,Pilot,doggo,German_shepherd
826240494070030336,,,French_bulldog
826204788643753985,,doggo,Labrador_retriever
826115272272650244,Ike,,
825829644528148480,Toby,,Great_Pyrenees
825535076884762624,,puppo,Rottweiler
825147591692263424,Sweet,,Pekinese
825026590719483904,Pablo,puppo,Eskimo_dog
824775126675836928,Scooter,,Border_terrier
824663926340194305,Wilson,,English_setter
824325613288833024,,pupper,Pembroke
823939628516474880,Cash,,schipperke
823699002998870016,Winston,,cairn
823581115634085888,Crawford,,
823322678127919110,Wyatt,,
822975315408461824,Albus,,
822872901745569793,,puppo,Lakeland_terrier
822859134160621569,Hobbes,,malinois
822610361945911296,,,cocker_spaniel
822489057087389700,Paisley,,Samoyed
822462944365645825,Gabe,pupper,Pomeranian
822244816520155136,,,Samoyed
821886076407029760,Jimison,,golden_retriever
821765923262631936,Duchess,doggo,golden_retriever
821522889702862852,Harlso,,Doberman
821407182352777218,Sundance,doggo,Irish_setter
821149554670182400,Luca,,German_shepherd
821107785811234820,,doggo,Pomeranian
821044531881721856,Flash,,Old_English_sheepdog
820749716845686786,Sunny,,golden_retriever
820690176645140481,,,West_Highland_white_terrier
820314633777061888,,,Gordon_setter
819952236453363712,Oliver,puppo,American_Staffordshire_terrier
819711362133872643,Howie,,
819588359383371776,Jazzy,,Cardigan
819347104292290561,Anna,,Rottweiler
819227688460238848,Finn,,Border_terrier
819004803107983360,Bo,doggo,standard_poodle
818627210458333184,Wafer,,Labrador_retriever
818614493328580609,Bear,,Chihuahua
818536468981415936,Tom,,
818259473185828864,Florence,,miniature_schnauzer
818145370475810820,Autumn,,golden_retriever
817827839487737858,Buddy,,cocker_spaniel
817777686764523521,Dido,doggo,curly-coated_retriever
817536400337801217,Eugene,,pug
817423860136083457,Ken,,
817415592588222464,Strudel,,Doberman
817171292965273600,Tebow,,golden_retriever
817120970343411712,,,Saluki
817056546584727552,Chloe,,kelpie
816816676327063552,Timber,,malamute
816697700272001025,Binky,,Chihuahua
816336735214911488,Dudley,,Labrador_retriever
816091915477250048,Comet,,Pomeranian
815990720817401858,Jack,,Chihuahua
815966073409433600,,pupper,Tibetan_mastiff
815736392542261248,Akumi,,Border_collie
815639385530101762,Titan,,German_shepherd
814986499976527872,Cooper,pupper,dalmatian
814638523311648768,Olivia,,golden_retriever
814530161257443328,Alf,,miniature_poodle
814153002265309185,Oshie,,golden_retriever
813910438903693312,Chubbs,doggo,Siberian_husky
813812741911748608,"Gary,",,French_bulldog
813800681631023104,Sky,,malamute
813217897535406080,,,Samoyed
813202720496779264,,doggo,cocker_spaniel
813187593374461952,,,golden_retriever
813172488309972993,Eleanor,,
813157409116065792,Layla,,
813142292504645637,,,beagle
813127251579564032,,doggo,Norwegian_elkhound
813112105746448384,Toby,,
813096984823349248,Rocky,doggo,Great_Dane
813081950185472002,Baron,,Doberman
813066809284972545,Tyr,,toy_terrier
813051746834595840,Bauer,,golden_retriever
812781120811126785,Swagger,,bull_mastiff
812709060537683968,Brandi,,Irish_setter
812466873996607488,Mary,,
812372279581671427,Moe,,golden_retriever
811985624773361665,Ted,,Staffordshire_bullterrier
811744202451197953,Halo,,Pekinese
811627233043480576,Augie,,beagle
811386762094317568,Craig,pupper,Pembroke
810984652412424192,Sam,,golden_retriever
810896069567610880,Hunter,,flat-coated_retriever
810657578271330305,Pavlov,,malamute
810284430598270976,Phil,,malamute
810254108431155201,Gus,,Staffordshire_bullterrier
809920764300447744,,,Norwich_terrier
809448704142938112,,,Greater_Swiss_Mountain_dog
809220051211603969,Kyro,,Pomeranian
809084759137812480,Wallace,,vizsla
808838249661788160,Ito,,Rottweiler
808733504066486276,,pupper,
808501579447930884,Koda,,Airedale
808106460588765185,,doggo,golden_retriever
808001312164028416,Cooper,,Labrador_retriever
807621403335917568,Ollie,pupper,golden_retriever
807106840509214720,Stephan,,Chihuahua
807010152071229440,Lennon,,golden_retriever
806629075125202948,,,
806542213899489280,Waffles,,vizsla
806219024703037440,,,chow
805932879469572096,Major,,Norwegian_elkhound
805826884734976000,Duke,,Siberian_husky
805520635690676224,Zeke,,malinois
805207613751304193,Shooter,,Pembroke
804738756058218496,Django,,Tibetan_mastiff
803773340896923648,Diogi,puppo,miniature_pinscher
803638050916102144,,pupper,Labrador_retriever
803276597545603072,Winston,,Pembroke
802952499103731712,Marley,,chow
802572683846291456,Winnie,,golden_retriever
802265048156610565,,doggo,Labrador_retriever
802239329049477120,Loki,puppo,Eskimo_dog
801958328846974976,Ronnie,,Staffordshire_bullterrier
801538201127157760,Wallace,,Pembroke
801167903437357056,Milo,,cocker_spaniel
801115127852503040,Bones,doggo,dalmatian
800751577355128832,Mauve,,cocker_spaniel
800513324630806528,Chef,,Pembroke
800388270626521089,Doc,floofer,golden_retriever
800141422401830912,Peaches,,golden_retriever
799757965289017345,Sobe,doggo,Border_collie
799422933579902976,Longfellow,,miniature_pinscher
799297110730567681,Jeffrey,,malamute
799063482566066176,Mister,,Norfolk_terrier
798933969379225600,Iroh,,Siberian_husky
798925684722855936,Shadow,,West_Highland_white_terrier
798209839306514432,Cooper,,Pekinese
797971864723324932,,pupper,American_Staffordshire_terrier
797545162159308800,Cassie,,Pembroke
797236660651966464,Pancake,,collie
796865951799083009,Tyr,,Cardigan
796759840936919040,Romeo,,American_Staffordshire_terrier
796484825502875648,,doggo,cocker_spaniel
796387464403357696,Snicku,,Pekinese
796149749086875649,Ruby,,golden_retriever
796116448414461957,,,Cardigan
796080075804475393,Yogi,,chow
796031486298386433,Daisy,,golden_retriever
795464331001561088,,doggo,golden_retriever
795400264262053889,Brody,,golden_retriever
794926597468000259,Mack,,
794332329137291264,Nimbus,,Samoyed
793962221541933056,Maximus,,Labrador_retriever
793845145112371200,Clark,,Old_English_sheepdog
793601777308463104,Dobby,,miniature_pinscher
793500921481273345,Fiona,,golden_retriever
793286476301799424,Moreton,,Afghan_hound
793271401113350145,Dave,,Siberian_husky
793256262322548741,,,basset
793241302385262592,Tucker,,golden_retriever
793226087023144960,Juno,,wire-haired_fox_terrier
793210959003287553,Maude,,
793195938047070209,Lily,puppo,Labrador_retriever
793180763617361921,Newt,,Lakeland_terrier
793165685325201412,Benji,,golden_retriever
793150605191548928,Nida,,Italian_greyhound
793120401413079041,Robin,,Labrador_retriever
792883833364439040,Bailey,,
792773781206999040,Monster,,Yorkshire_terrier
792394556390137856,BeBe,,cocker_spaniel
792050063153438720,Remus,,komondor
791672322847637504,,,golden_retriever
791406955684368384,Levi,,Pembroke
791312159183634433,Mabel,,miniature_pinscher
790987426131050500,Misty,,cocker_spaniel
790946055508652032,Betty,puppo,
790698755171364864,Mosby,,Bernese_mountain_dog
790581949425475584,Duke,,
790337589677002753,Maggie,,Pembroke
790277117346975746,Bruce,,Labrador_retriever
789986466051088384,Happy,,
789628658055020548,Eli,,chow
789599242079838210,Brownie,,Chesapeake_Bay_retriever
789530877013393408,Rizzy,,schipperke
789268448748703744,Stella,,malamute
789137962068021249,Bo,,Chihuahua
788908386943430656,Lucy,,
788765914992902144,Butter,,cocker_spaniel
788412144018661376,Dexter,,golden_retriever
788178268662984705,,,Samoyed
788150585577050112,Leo,,chow
787810552592695296,Frank,,pug
787717603741622272,Tonks,puppo,German_shepherd
787397959788929025,Moose,,Chihuahua
787322443945877504,Lincoln,,
786963064373534720,Rory,,golden_retriever
786709082849828864,"Logan,",,Pomeranian
786664955043049472,,,Leonberg
786595970293370880,Dale,,Pembroke
786363235746385920,Rizzo,doggo,golden_retriever
786233965241827333,Mattie,,Labrador_retriever
785927819176054784,Lucy,,
785872687017132033,Rusty,,Great_Pyrenees
785533386513321988,Dallas,,miniature_pinscher
785264754247995392,Doc,,
785170936622350336,Hero,,
784826020293709826,Rusty,,chow
784517518371221505,Frankie,,malamute
784431430411685888,Stormy,,miniature_poodle
783821107061198850,Mairi,,Lakeland_terrier
783695101801398276,Loomis,,chow
783466772167098368,Finn,,Chihuahua
783391753726550016,Godi,,Norwegian_elkhound
783334639985389568,Dave,,Cardigan
783085703974514689,Earl,,Chesapeake_Bay_retriever
782969140009107456,Cali,,
782747134529531904,Deacon,doggo,golden_retriever
782722598790725632,Penny,,Irish_setter
782598640137187329,Timmy,,malamute
782305867769217024,Sampson,doggo,briard
781661882474196992,,,Pembroke
781524693396357120,,,
781251288990355457,Oakley,,Mexican_hairless
781163403222056960,,,Shetland_sheepdog
780858289093574656,Dash,,Chesapeake_Bay_retriever
780800785462489090,Koda,,Siberian_husky
780601303617732608,Hercules,,Saint_Bernard
780543529827336192,,,golden_retriever
780459368902959104,Bear,,Great_Dane
780192070812196864,,,vizsla
779834332596887552,Scout,,golden_retriever
779123168116150273,Reggie,,toy_poodle
779056095788752897,,,Chihuahua
778990705243029504,Jay,,cocker_spaniel
778748913645780993,Mya,,Staffordshire_bullterrier
778650543019483137,Strider,,German_shepherd
778624900596654080,Penny,,Airedale
778408200802557953,,,Pembroke
778383385161035776,Nala,,collie
778286810187399168,Stanley,,Boston_bull
778039087836069888,,pupper,German_shepherd
778027034220126208,Sophie,pupper,clumber
777885040357281792,Wesley,,Afghan_hound
777684233540206592,,,cocker_spaniel
777621514455814149,Derek,,chow
777189768882946048,Jeffrey,,Chihuahua
776813020089548800,Solomon,,toy_poodle
776477788987613185,Huck,pupper,Labrador_retriever
776218204058357768,,floofer,Samoyed
776201521193218049,O'Malley,,Rottweiler
776088319444877312,,,
775842724423557120,Blue,,chow
775364825476165632,Finley,doggo,beagle
775085132600442880,Tucker,,chow
774757898236878852,Finley,,toy_poodle
774639387460112384,Sprinkles,,Walker_hound
774314403806253056,,,Eskimo_dog
773985732834758656,Winnie,pupper,
773922284943896577,Heinrich,,Pomeranian
773704687002451968,Loki,,silky_terrier
773670353721753600,Shakespeare,,Old_English_sheepdog
773547596996571136,Chelsea,pupper,Norwegian_elkhound
773308824254029826,Bungalo,,
773247561583001600,Chip,,
773191612633579521,Grey,,Blenheim_spaniel
772877495989305348,,,
772826264096874500,Roosevelt,,basset
772581559778025472,,,Newfoundland
772193107915964416,Willem,pupper,Pembroke
772152991789019136,,,golden_retriever
772117678702071809,Jack,,Labrador_retriever
772114945936949249,Finn,,Chihuahua
772102971039580160,Penny,,Pembroke
771770456517009408,Davey,,papillon
771500966810099713,Dakota,,Labrador_retriever
771380798096281600,Fizz,,collie
771136648247640064,Dixie,,
771102124360998913,Charlie,,Labrador_retriever
770787852854652928,Winston,,Bernese_mountain_dog
770772759874076672,Sebastian,,chow
770414278348247044,Al,,
770293558247038976,Jackson,,Italian_greyhound
770069151037685760,Carbon,,Boston_bull
769940425801170949,Klein,,miniature_pinscher
769695466921623552,Titan,,pug
769212283578875904,DonDon,,golden_retriever
768970937022709760,Kirby,,Pomeranian
768855141948723200,Jesse,,chow
768609597686943744,Lou,,basenji
768596291618299904,Oakley,,Great_Pyrenees
768473857036525572,Chevy,,Labrador_retriever
767754930266464257,Philbert,,vizsla
767500508068192258,Louie,,chow
767122157629476866,Rupert,,toy_poodle
766793450729734144,Rufus,,beagle
766693177336135680,Brudge,,Doberman
766423258543644672,Shadoe,,keeshond
766313316352462849,Oscar,,toy_poodle
766069199026450432,Juno,,redbone
766008592277377025,Angel,,Welsh_springer_spaniel
765719909049503744,Brat,,golden_retriever
765669560888528897,Tove,,beagle
765395769549590528,my,,Pembroke
765371061932261376,Louie,pupper,golden_retriever
765222098633691136,Gromit,,dalmatian
764857477905154048,Aubie,,Bernese_mountain_dog
764259802650378240,Kota,,German_shepherd
763837565564780549,Alfie,,malamute
763183847194451968,Clark,,miniature_poodle
763103485927849985,Belle,,
762699858130116608,Leela,,kelpie
762471784394268675,Glenn,,Samoyed
762464539388485633,Buddy,,chow
761976711479193600,Shelby,,Labrador_retriever
761599872357261312,Sephie,,Gordon_setter
761334018830917632,Bruce,,Norwegian_elkhound
761292947749015552,Bonaparte,,standard_poodle
761227390836215808,Albert,,
761004547850530816,Bo,,golden_retriever
760893934457552897,Wishes,doggo,Blenheim_spaniel
760656994973933572,Rose,,golden_retriever
760539183865880579,Atlas,,Samoyed
760290219849637889,Rocco,,Old_English_sheepdog
759923798737051648,,,Labrador_retriever
759846353224826880,Kirby,,Sussex_spaniel
759793422261743616,Maggie,doggo,golden_retriever
759557299618865152,Emma,,golden_retriever
759447681597108224,Oakley,,kuvasz
759197388317847553,Luna,,kuvasz
759099523532779520,Toby,,Shetland_sheepdog
759047813560868866,Spencer,,Labrador_retriever
758854675097526272,Lilli,,
758828659922702336,,doggo,Chesapeake_Bay_retriever
758740312047005698,Boston,,Chesapeake_Bay_retriever
758474966123810816,Brandonald,,Pembroke
758467244762497024,,,Labrador_retriever
758405701903519748,Odie,,Chesapeake_Bay_retriever
758355060040593408,Corey,,Pembroke
758041019896193024,,,
757741869644341248,Leonard,,
757725642876129280,Beckham,,
757611664640446465,Cooper,,bluetick
757400162377592832,,,
757393109802180609,,doggo,Labrador_retriever
757354760399941633,Devón,,Italian_greyhound
756998049151549440,Oliver,,golden_retriever
756939218950160384,Jax,pupper,golden_retriever
756651752796094464,Gert,,Pembroke
756303284449767430,,,golden_retriever
756288534030475264,,,
756275833623502848,,puppo,Airedale
755955933503782912,,pupper,Pekinese
755110668769038337,Watson,,Labrador_retriever
754856583969079297,Winnie,,golden_retriever
754449512966619136,Dex,,beagle
754120377874386944,,,chow
754011816964026368,Charlie,,French_bulldog
753655901052166144,,,miniature_pinscher
753398408988139520,Scout,,whippet
753375668877008896,Hank,,bluetick
753294487569522689,Ace,,chow
753026973505581056,Tayzie,,Pembroke
752917284578922496,Grizzie,,German_shepherd
752682090207055872,,doggo,German_shepherd
752660715232722944,,doggo,
752519690950500352,,puppo,
752334515931054080,,doggo,Bedlington_terrier
752173152931807232,Brody,,Labrador_retriever
751937170840121344,Ruby,,Lakeland_terrier
751830394383790080,Tucker,,chow
751598357617971201,Toby,,toy_poodle
751583847268179968,,doggo,dalmatian
751538714308972544,Max,,Labrador_retriever
751456908746354688,,pupper,golden_retriever
751251247299190784,Gilbert,,Walker_hound
751205363882532864,,,Labrador_retriever
751132876104687617,Cooper,puppo,Labrador_retriever
750868782890057730,Milo,pupper,toy_poodle
750719632563142656,Meyer,,Pembroke
750429297815552001,Arnie,,golden_retriever
750383411068534784,Zoe,pupper,Border_collie
750147208377409536,,,pug
750132105863102464,Stewie,,toy_poodle
750117059602808832,Calvin,,Shih-Tzu
750101899009982464,Lilah,,golden_retriever
750086836815486976,Spanky,,pug
750071704093859840,,pupper,redbone
750056684286914561,Jameson,,Saluki
750041628174217216,Beau,,Labrador_retriever
750026558547456000,Jax,,standard_poodle
750011400160841729,Piper,doggo,
749996283729883136,Bo,,Old_English_sheepdog
749774190421639168,Lucy,,Pekinese
749417653287129088,Finn,pupper,papillon
749403093750648834,,,Chesapeake_Bay_retriever
749395845976588288,George,,Pomeranian
749317047558017024,Blu,floofer,wire-haired_fox_terrier
749064354620928000,Winston,,pug
749036806121881602,Dietrich,,
748977405889503236,,,German_short-haired_pointer
748932637671223296,Divine,doggo,borzoi
748699167502000129,Tripp,,Pembroke
748575535303884801,,,
748568946752774144,Cora,,Tibetan_terrier
748346686624440324,,,borzoi
748324050481647620,Duke,,Shetland_sheepdog
747963614829678593,,pupper,kelpie
747933425676525569,,,Samoyed
747885874273214464,,,kuvasz
747844099428986880,Huxley,,Pembroke
747816857231626240,,,Pembroke
747600769478692864,Bookstore,,Chesapeake_Bay_retriever
747594051852075008,,,basenji
747512671126323200,,,Cardigan
747219827526344708,Atticus,,Shetland_sheepdog
747103485104099331,,,Labrador_retriever
746872823977771008,,,Pembroke
746818907684614144,,,
746790600704425984,,,Boston_bull
746726898085036033,Abby,,golden_retriever
746507379341139972,Shiloh,,toy_poodle
746369468511756288,,,German_shepherd
746131877086527488,Gustav,,chow
746056683365994496,Arlen,,Shetland_sheepdog
745789745784041472,Gus,,Pekinese
745712589599014916,Percy,,
745433870967832576,Lenox,doggo,
745422732645535745,,,Labrador_retriever
745057283344719872,Oliver,,Shetland_sheepdog
744995568523612160,Abby,puppo,Old_English_sheepdog
744971049620602880,Indie,,toy_poodle
744709971296780288,Harvey,,Shetland_sheepdog
744334592493166593,Blanket,,Samoyed
744234799360020481,,doggo,Labrador_retriever
743980027717509120,Geno,,bull_mastiff
743895849529389061,,,dalmatian
743609206067040256,Stark,,Weimaraner
743545585370791937,Bentley,,
743253157753532416,Kilo,puppo,malamute
743222593470234624,,pupper,kuvasz
743210557239623680,"Kayla,",,golden_retriever
742423170473463808,Bell,,pug
742385895052087300,Phil,,Cardigan
742150209887731712,Edmund,pupper,
741793263812808706,,,kuvasz
741743634094141440,Aqua,pupper,Labrador_retriever
741438259667034112,Tucker,,Chesapeake_Bay_retriever
741303864243200000,Theodore,,Chihuahua
741067306818797568,,doggo,golden_retriever
740995100998766593,Leo,,malamute
740711788199743490,,,toy_poodle
740676976021798912,Baloo,pupper,
740373189193256964,,,golden_retriever
740359016048689152,Chase,,golden_retriever
740214038584557568,getting,,Chesapeake_Bay_retriever
739979191639244800,Nollie,,Irish_water_spaniel
739932936087216128,Rorie,,redbone
739844404073074688,Simba,,toy_poodle
739606147276148736,Benji,pupper,Blenheim_spaniel
739544079319588864,,,Labrador_retriever
739485634323156992,Kyle,,Walker_hound
739238157791694849,,doggo,Eskimo_dog
738885046782832640,Charles,,
738883359779196928,,,Labrador_retriever
738537504001953792,Bayley,puppo,chow
738402415918125056,,,cocker_spaniel
738184450748633089,,,Bedlington_terrier
738166403467907072,Axel,,keeshond
738156290900254721,Storkson,,pug
737826014890496000,Remy,,vizsla
737800304142471168,Bella,,malamute
737678689543020544,,,Pembroke
737445876994609152,,floofer,Samoyed
736736130620620800,Chadrick,,schipperke
736365877722001409,Rory,pupper,
736225175608430592,,,Labrador_retriever
736010884653420544,,,golden_retriever
735991953473572864,Maxaroni,,cocker_spaniel
735648611367784448,,pupper,Pembroke
735635087207878657,Dakota,,pug
735256018284875776,Kellogg,doggo,Staffordshire_bullterrier
735137028879360001,Buckley,pupper,Walker_hound
734912297295085568,Jax,,Maltese_dog
734787690684657664,,,golden_retriever
734776360183431168,Livvie,,Siberian_husky
733828123016450049,Terry,,beagle
733822306246479872,Moose,floofer,Lhasa
733482008106668032,,,French_bulldog
733460102733135873,Hermione,,chow
733109485275860992,,doggo,golden_retriever
732732193018155009,Ralpher,,
732726085725589504,Aldrick,,Pomeranian
732585889486888962,,,Staffordshire_bullterrier
732375214819057664,Kyle,doggo,
732005617171337216,Larry,,English_setter
731285275100512256,Solomon,,Pembroke
730924654643314689,,,
730573383004487680,Rooney,pupper,American_Staffordshire_terrier
730427201120833536,Crystal,,Eskimo_dog
730211855403241472,Ziva,,pug
729823566028484608,Stefan,,kelpie
729463711119904772,Pupcasso,,German_shepherd
728986383096946689,Puff,,Maltese_dog
728760639972315136,,,Pembroke
728751179681943552,Flurpson,,Saint_Bernard
728409960103686147,Wallace,,
728387165835677696,Enchilada,,collie
728046963732717569,Raymond,,Newfoundland
728035342121635841,,pupper,
728015554473250816,Rueben,pupper,cocker_spaniel
727685679342333952,Cilantro,,Border_collie
727644517743104000,,doggo,Great_Pyrenees
727524757080539137,,pupper,Pomeranian
727314416056803329,,pupper,toy_poodle
727286334147182592,,,
727175381690781696,Karll,,flat-coated_retriever
726935089318363137,Sprout,,
726887082820554753,Blitz,,soft-coated_wheaten_terrier
726828223124897792,Bloop,,miniature_pinscher
726224900189511680,,,standard_poodle
725842289046749185,Colby,,toy_poodle
725786712245440512,Lillie,pupper,chow
725729321944506368,Lola,,boxer
724983749226668032,Fred-Rick,,golden_retriever
724771698126512129,,doggo,German_short-haired_pointer
724405726123311104,Ashleigh,pupper,golden_retriever
724049859469295616,Kreggory,,Border_collie
724046343203856385,Sarge,,boxer
724004602748780546,Luther,pupper,
723912936180330496,Sugar,,Samoyed
723688335806480385,Reginald,,
723673163800948736,Ivar,,golden_retriever
723179728551723008,Jangle,,
722974582966214656,,,Great_Dane
722613351520608256,Schnitzel,,Labrador_retriever
721503162398597120,Panda,,Pomeranian
721001180231503872,Oliver,pupper,Samoyed
720785406564900865,Archie,,Chihuahua
720775346191278080,Berkeley,,Newfoundland
720415127506415616,,,Rottweiler
720389942216527872,Ralphé,,Pembroke
720059472081784833,Charleson,,Mexican_hairless
720043174954147842,Neptune,,Samoyed
719991154352222208,,doggo,golden_retriever
719551379208073216,Harnold,,malamute
719367763014393856,Sid,,
719339463458033665,Lucy,,golden_retriever
719332531645071360,Pippa,,Dandie_Dinmont
718971898235854848,Sadie,,golden_retriever
718939241951195136,Otis,,Pembroke
718631497683582976,,,Pomeranian
718613305783398402,Carper,,Labrador_retriever
718540630683709445,,,Maltese_dog
718460005985447936,Bowie,,
718246886998687744,Alexanderson,,Chihuahua
718234618122661888,Suki,,malamute
717841801130979328,Barclay,,Brittany_spaniel
717537687239008257,,,golden_retriever
717421804990701568,Ebby,,miniature_pinscher
717047459982213120,Flávio,,golden_retriever
717009362452090881,Smokey,pupper,Siberian_husky
716802964044845056,Link,,malinois
716791146589110272,Jennifur,,Pomeranian
716439118184652801,Bluebert,,Siberian_husky
716285507865542656,Stephanus,,Yorkshire_terrier
716080869887381504,,doggo,golden_retriever
715928423106027520,Bubbles,,pug
715733265223708672,,,Dandie_Dinmont
715696743237730304,Toby,,Staffordshire_bullterrier
715680795826982913,Zeus,,golden_retriever
715342466308784130,Oscar,,West_Highland_white_terrier
715220193576927233,Nico,,Chihuahua
715200624753819648,Michelangelope,,Chihuahua
715009755312439296,Siba,,
714982300363173890,Calbert,,Brittany_spaniel
714957620017307648,Curtis,,Great_Pyrenees
714606013974974464,,,Norfolk_terrier
714258258790387713,Travis,,collie
714251586676113411,Thumas,,soft-coated_wheaten_terrier
714214115368108032,,,pug
714141408463036416,,,Labrador_retriever
713919462244790272,Kanu,,Siberian_husky
713900603437621249,,,golden_retriever
713761197720473600,Piper,,Brittany_spaniel
713411074226274305,,,Great_Pyrenees
713177543487135744,Lance,,whippet
713175907180089344,Opie,,
712809025985978368,Stubert,,Labrador_retriever
712717840512598017,,,Great_Pyrenees
712668654853337088,Sunny,,Labrador_retriever
712438159032893441,Kane,,
712097430750289920,,,Labrador_retriever
712085617388212225,Olive,,Shih-Tzu
711743778164514816,Roosevelt,,Lakeland_terrier
711732680602345472,,,
711363825979756544,,,Pembroke
711306686208872448,,,
711008018775851008,Chuckles,pupper,French_bulldog
710997087345876993,Milo,,malamute
710844581445812225,Staniel,,
710833117892898816,Sora,,Pembroke
710658690886586372,,,soft-coated_wheaten_terrier
710588934686908417,Beemo,,Pembroke
710283270106132480,Gunner,,Shih-Tzu
710272297844797440,,,Old_English_sheepdog
710269109699739648,,,pug
710153181850935296,Lacy,,
710140971284037632,Tater,,Pekinese
710117014656950272,,pupper,toy_poodle
709918798883774466,Watson,,Pembroke
709852847387627521,,,Chihuahua
709566166965075968,Olaf,,chow
709556954897764353,Cecil,,golden_retriever
709519240576036864,Vince,,cocker_spaniel
709449600415961088,Karma,,Maltese_dog
709409458133323776,Billy,,Shetland_sheepdog
709225125749587968,Walker,,Labrador_retriever
709207347839836162,Penny,,Chihuahua
709198395643068416,,,borzoi
709158332880297985,Rodney,,Siberian_husky
709042156699303936,Klevin,,
708845821941387268,,pupper,schipperke
708834316713893888,Malikai,,Eskimo_dog
708810915978854401,Mister,,golden_retriever
708738143638450176,Coco,,Pomeranian
708711088997666817,Smokey,,
708479650088034305,Bear,,Shih-Tzu
708469915515297792,Bobble,,Chihuahua
708356463048204288,Oliver,,pug
708349470027751425,River,,
708149363256774660,Jebberson,,Cardigan
708130923141795840,,,French_bulldog
708119489313951744,Cooper,,Norwich_terrier
708109389455101952,Remington,,Staffordshire_bullterrier
708026248782585858,,,malinois
707969809498152960,Rufus,,toy_poodle
707776935007539200,Sadie,,miniature_pinscher
707741517457260545,,,whippet
707610948723478529,Harper,,golden_retriever
707420581654872064,Keurig,,
707411934438625280,,pupper,Lakeland_terrier
707387676719185920,Clarkus,,Chihuahua
707377100785885184,,,golden_retriever
707315916783140866,Finnegus,pupper,Bernese_mountain_dog
707297311098011648,Cassie,,Blenheim_spaniel
707059547140169728,Cupcake,,Samoyed
707038192327901184,Kathmandu,,pug
707021089608753152,Tucker,,cocker_spaniel
707014260413456384,Ellie,,Chihuahua
706681918348251136,Katie,,toy_poodle
706644897839910912,Shadow,,
706538006853918722,Oliver,,chow
706516534877929472,,,golden_retriever
706346369204748288,Koda,,Tibetan_mastiff
706310011488698368,,pupper,Pembroke
706291001778950144,,,Border_terrier
706265994973601792,Kara,,papillon
706166467411222528,Dexter,,Samoyed
705975130514706432,Adele,pupper,Staffordshire_bullterrier
705970349788291072,Lucy,,golden_retriever
705898680587526145,Max,,collie
705786532653883392,,pupper,
705591895322394625,,,basenji
705475953783398401,Zara,,golden_retriever
705442520700944385,Cooper,,Great_Pyrenees
705428427625635840,Ambrose,pupper,Chihuahua
705239209544720384,Jimothy,,Chihuahua
705223444686888960,Bode,,
705102439679201280,Terrenth,,collie
705066031337840642,Reese,,Airedale
704871453724954624,,,Norfolk_terrier
704859558691414016,,pupper,pug
704847917308362754,,,golden_retriever
704761120771465216,killed,pupper,
704499785726889984,,,Chihuahua
704480331685040129,Lucia,,Samoyed
704364645503647744,Bisquick,,Pembroke
704347321748819968,Ralphson,pupper,
704054845121142784,,,Great_Pyrenees
703774238772166656,,,Labrador_retriever
703769065844768768,,,boxer
703611486317502464,Scooter,pupper,Pembroke
703425003149250560,,,miniature_pinscher
703382836347330562,Charlie,,golden_retriever
703356393781329922,Socks,,Border_collie
703268521220972544,,pupper,
703079050210877440,,,Pembroke
702684942141153280,Lucy,,golden_retriever
702671118226825216,Rambo,,bloodhound
702598099714314240,Sansa,pupper,kelpie
702539513671897089,,,Pomeranian
702321140488925184,,,West_Highland_white_terrier
702276748847800320,,,Boston_bull
702217446468493312,,,golden_retriever
701981390485725185,Fiji,,Pomeranian
701952816642965504,Rilo,,toy_poodle
701889187134500865,Bilbo,,French_bulldog
701601587219795968,Coopson,,Chihuahua
701570477911896070,Yoda,,Yorkshire_terrier
701545186879471618,Millie,pupper,Border_collie
701214700881756160,,,Chihuahua
700890391244103680,Chet,,
700864154249383937,,pupper,kuvasz
700847567345688576,Crouton,,Rhodesian_ridgeback
700747788515020802,,,Great_Pyrenees
700518061187723268,Vincent,,American_Staffordshire_terrier
700505138482569216,Kaia,,
700462010979500032,Murphy,,
700167517596164096,Dotsy,,beagle
700151421916807169,,pupper,
700143752053182464,,pupper,golden_retriever
700029284593901568,Coops,,West_Highland_white_terrier
700002074055016451,Thumas,,Chihuahua
699801817392291840,Cooper,pupper,golden_retriever
699788877217865730,Nala,,Border_terrier
699779630832685056,,,malinois
699775878809702401,Fillup,,Dandie_Dinmont
699446877801091073,Archie,,Pembroke
699434518667751424,,pupper,golden_retriever
699423671849451520,,,pug
699413908797464576,Miley,,Samoyed
699370870310113280,Calbert,,cairn
699323444782047232,,,Labrador_retriever
699079609774645248,Reagan,,schipperke
699072405256409088,,,Shih-Tzu
699036661657767936,,pupper,Chihuahua
698989035503689728,Oliver,,Norfolk_terrier
698953797952008193,CeCe,,Italian_greyhound
698907974262222848,,,German_short-haired_pointer
698710712454139905,Cuddles,,Samoyed
698703483621523456,Rusty,,Brittany_spaniel
698635131305795584,,,Samoyed
698549713696649216,Claude,,French_bulldog
698355670425473025,Jessiga,,pug
698342080612007937,Maximus,,boxer
698262614669991936,Franklin,,Italian_greyhound
698195409219559425,Beau,,Labrador_retriever
698178924120031232,Lily,,Chesapeake_Bay_retriever
697995514407682048,,,Staffordshire_bullterrier
697990423684476929,Doug,,Pembroke
697943111201378304,Cassie,,Great_Dane
697616773278015490,doubles,pupper,Lhasa
697596423848730625,,pupper,Shetland_sheepdog
697575480820686848,Ole,,
697463031882764288,,,Labrador_retriever
697270446429966336,Bentley,,toy_poodle
697259378236399616,,,Great_Dane
697255105972801536,Charlie,,Great_Dane
697242256848379904,Oakley,,
696900204696625153,Rosie,,Chihuahua
696894894812565505,,,Appenzeller
696886256886657024,,,kuvasz
696754882863349760,Reptar,,
696713835009417216,Trevith,pupper,
696488710901260288,,,briard
696405997980676096,Berb,,borzoi
695816827381944320,,,Pomeranian
695794761660297217,Wyatt,,Samoyed
695767669421768709,,,soft-coated_wheaten_terrier
695629776980148225,Calvin,,Old_English_sheepdog
695446424020918272,,,basenji
695409464418041856,Bob,,pug
695314793360662529,Colin,,Maltese_dog
695095422348574720,,pupper,papillon
695074328191332352,Lorenzo,pupper,Shih-Tzu
695051054296211456,Brian,,Boston_bull
694356675654983680,only,pupper,
694352839993344000,Oliviér,,Australian_terrier
694329668942569472,Grady,pupper,boxer
694206574471057408,,,Shih-Tzu
694183373896572928,Lola,,
694001791655137281,Chester,,Pembroke
693942351086120961,Kobe,,groenendael
693642232151285760,Freddery,,Scottish_deerhound
693629975228977152,,pupper,pug
693622659251335168,,,malamute
693280720173801472,Sadie,,Labrador_retriever
693262851218264065,,pupper,golden_retriever
693231807727280129,Bodie,,vizsla
693155686491000832,Dunkin,,Shih-Tzu
693109034023534592,,,cocker_spaniel
693095443459342336,Milo,pupper,
692919143163629568,,,Saint_Bernard
692905862751522816,Wally,pupper,Mexican_hairless
692901601640583168,,,soft-coated_wheaten_terrier
692894228850999298,Tupawc,,German_short-haired_pointer
692828166163931137,,pupper,Samoyed
692752401762250755,,pupper,Samoyed
692568918515392513,Chester,,golden_retriever
692535307825213440,Amber,,pug
692530551048294401,Cody,,Siberian_husky
692187005137076224,,,Siberian_husky
692158366030913536,Edgar,,pug
692142790915014657,,,toy_poodle
692017291282812928,Kingsley,,Tibetan_terrier
691756958957883396,,,Saint_Bernard
691675652215414786,Richie,,Chihuahua
691483041324204033,,,bloodhound
691459709405118465,Leo,,Shetland_sheepdog
691444869282295808,Bailey,,Bernese_mountain_dog
691416866452082688,,,Lakeland_terrier
691321916024623104,Molly,,Rottweiler
691096613310316544,,,borzoi
690959652130045952,,,golden_retriever
690735892932222976,Peaches,,golden_retriever
690728923253055490,Vinscent,,kuvasz
690690673629138944,Cedrick,,
690649993829576704,Hazel,,
690597161306841088,Lolo,,Lhasa
690400367696297985,Eriq,,Pembroke
690374419777196032,Phred,,kuvasz
690360449368465409,,,pug
690021994562220032,Geoff,,
690015576308211712,,pupper,malamute
690005060500217858,,,Samoyed
689999384604450816,Covach,,standard_poodle
689977555533848577,,,
689905486972461056,Gizmo,pupper,Pomeranian
689877686181715968,Durg,,Old_English_sheepdog
689835978131935233,Fynn,,collie
689661964914655233,Luca,,Italian_greyhound
689623661272240129,Lucy,pupper,toy_poodle
689599056876867584,,,
689557536375177216,,,Eskimo_dog
689517482558820352,Carl,,Pembroke
689283819090870273,Chipson,,Scotch_terrier
689280876073582592,Herald,,Chihuahua
689275259254616065,Lucky,,American_Staffordshire_terrier
689154315265683456,,,cocker_spaniel
689143371370250240,Trip,pupper,English_springer
688916208532455424,,pupper,Pembroke
688898160958271489,,,Ibizan_hound
688828561667567616,Brad,,Cardigan
688804835492233216,,,malinois
688789766343622656,Pubert,,American_Staffordshire_terrier
688547210804498433,Frönq,,papillon
688519176466644993,,pupper,Pembroke
688385280030670848,Louis,,golden_retriever
688116655151435777,,,pug
688064179421470721,Kilo,,Eskimo_dog
687826841265172480,Louis,,Pomeranian
687818504314159109,,pupper,Lakeland_terrier
687807801670897665,Trooper,,Staffordshire_bullterrier
687704180304273409,Blakely,pupper,miniature_pinscher
687664829264453632,Opal,,pug
687494652870668288,Marq,,Rottweiler
687480748861947905,,,English_springer
687460506001633280,Kramer,,Boston_bull
687317306314240000,Tyrone,,Shih-Tzu
687312378585812992,,pupper,
687127927494963200,Gordon,,pug
687124485711986689,Samson,,
687109925361856513,Baxter,,borzoi
687096057537363968,New,pupper,Labrador_retriever
686730991906516992,,,Tibetan_mastiff
686683045143953408,Mona,pupper,Norwich_terrier
686618349602762752,Olivia,pupper,Rottweiler
686606069955735556,Horace,,Labrador_retriever
686386521809772549,Crimson,,Yorkshire_terrier
686377065986265092,Birf,pupper,German_shepherd
686358356425093120,,,pug
686050296934563840,Flávio,,Pomeranian
686034024800862208,,,Great_Dane
686007916130873345,has,pupper,Rhodesian_ridgeback
685973236358713344,Lorelei,,Siberian_husky
685943807276412928,,pupper,papillon
685906723014619143,Olive,,Yorkshire_terrier
685663452032069632,Brooks,,Chesapeake_Bay_retriever
685641971164143616,Otis,pupper,Lakeland_terrier
685532292383666176,,,
685325112850124800,,,golden_retriever
685321586178670592,Rocky,,Boston_bull
685315239903100929,,,chow
685307451701334016,Petrick,floofer,Pomeranian
685268753634967552,Hubertson,pupper,pug
685198997565345792,Alfie,,
685169283572338688,Gerbald,pupper,Bernese_mountain_dog
684940049151070208,Oreo,,Border_collie
684926975086034944,Bruiser,,Labrador_retriever
684914660081053696,,,
684902183876321280,Perry,,Pembroke
684800227459624960,Theodore,,miniature_schnauzer
684594889858887680,,,Weimaraner
684538444857667585,,,Chihuahua
684481074559381504,Pippa,,Chihuahua
684460069371654144,Jeph,,Labrador_retriever
684241637099323392,Obi,,Pembroke
684225744407494656,,,golden_retriever
684222868335505415,,,soft-coated_wheaten_terrier
684195085588783105,Tino,,Chihuahua
684188786104872960,,,kelpie
684177701129875456,Kulet,,chow
684097758874210310,Lupe,,Labrador_retriever
683857920510050305,Sadie,,bluetick
683852578183077888,Tiger,,toy_poodle
683849932751646720,Jiminy,,
683834909291606017,,pupper,Maltese_dog
683828599284170753,,pupper,malamute
683773439333797890,Buddy,,miniature_pinscher
683742671509258241,Sebastian,,Pembroke
683498322573824003,Griffin,,Airedale
683481228088049664,Banjo,pupper,keeshond
683462770029932544,,pupper,Italian_greyhound
683449695444799489,,,Lakeland_terrier
683391852557561860,Jack,,French_bulldog
683357973142474752,,,Pembroke
683142553609318400,Brandy,pupper,Leonberg
683111407806746624,Larry,pupper,cocker_spaniel
683098815881154561,,,golden_retriever
683078886620553216,,pupper,
683030066213818368,Lulu,,boxer
682962037429899265,Darrel,,
682750546109968385,Taco,,English_setter
682662431982772225,Joey,,beagle
682638830361513985,,,English_springer
682429480204398592,,,whippet
682393905736888321,Kreg,,vizsla
682389078323662849,Brody,,curly-coated_retriever
682303737705140231,Todo,,
682259524040966145,Jax,,Siberian_husky
682032003584274432,Ulysses,,schipperke
681981167097122816,Jimothy,,Labrador_retriever
681891461017812993,Charlie,pupper,Chihuahua
681694085539872773,Bo,pupper,toy_poodle
681654059175129088,Toffee,pupper,Pomeranian
681610798867845120,,,toy_poodle
681579835668455424,Apollo,,Rottweiler
681523177663676416,Carly,,Norfolk_terrier
681339448655802368,Asher,,
681320187870711809,Glacier,,Samoyed
681297372102656000,actually,,Lhasa
681281657291280384,Sarge,,Saint_Bernard
681261549936340994,Panda,,Tibetan_terrier
681231109724700672,,pupper,Irish_setter
681193455364796417,Aspen,,Pomeranian
680970795137544192,,,pug
680959110691590145,Ozzie,,
680940246314430465,Alice,,soft-coated_wheaten_terrier
680934982542561280,Sadie,,Labrador_retriever
680913438424612864,Griswold,,Pomeranian
680889648562991104,Cheesy,,Shetland_sheepdog
680836378243002368,Ellie,pupper,Pembroke
680801747103793152,,,pug
680609293079592961,Brody,,French_bulldog
680497766108381184,Percy,,Chihuahua
680494726643068929,,,kuvasz
680473011644985345,Hector,pupper,Lakeland_terrier
680191257256136705,,pupper,Brittany_spaniel
680161097740095489,Goliath,,bluetick
680145970311643136,Kawhi,pupper,miniature_poodle
680130881361686529,Reggie,,Maltese_dog
680115823365742593,Ozzy,,pug
680100725817409536,,pupper,golden_retriever
680070545539371008,Emmie,,
680055455951884288,Sammy,,Samoyed
679862121895714818,,,EntleBucher
679854723806179328,Bruce,,
679844490799091713,Willie,,Airedale
679828447187857408,,pupper,Chihuahua
679777920601223168,Rinna,pupper,bloodhound
679736210798047232,name,,French_bulldog
679729593985699840,Hunter,,
679722016581222400,Mike,,boxer
679530280114372609,,,dalmatian
679511351870550016,William,,Chihuahua
679475951516934144,Evy,,Maltese_dog
679462823135686656,Hurley,,toy_poodle
679158373988876288,Rubio,,pug
679148763231985668,,,Italian_greyhound
679132435750195208,Louis,,Scottish_deerhound
679111216690831360,officially,,kelpie
679062614270468097,Chompsky,,
679047485189439488,doesn't,,
678991772295516161,,,Eskimo_dog
678969228704284672,Lola,,Labrador_retriever
678800283649069056,,pupper,Labrador_retriever
678798276842360832,Linda,,Airedale
678774928607469569,Tug,,Pembroke
678764513869611008,Wilson,,Irish_terrier
678755239630127104,Dash,,malamute
678740035362037760,Tango,,
678643457146150913,Grizz,,Labrador_retriever
678446151570427904,,,Staffordshire_bullterrier
678424312106393600,Crystal,,Maltese_dog
678410210315247616,Jerome,,schipperke
678399652199309312,my,,
678396796259975168,,,Pembroke
678389028614488064,Bella,pupper,miniature_pinscher
678380236862578688,Crumpet,,
678341075375947776,likes,pupper,golden_retriever
678334497360859136,Rosie,,Norfolk_terrier
678278586130948096,,pupper,Maltese_dog
678255464182861824,Jessifer,,Chihuahua
678021115718029313,Reese,,miniature_pinscher
677918531514703872,,,Eskimo_dog
677895101218201600,,,dalmatian
677716515794329600,,,
677700003327029250,Ralph,,Siberian_husky
677698403548192770,Sadie,,Shih-Tzu
677687604918272002,Cindy's,,Pembroke
677673981332312066,,,Maltese_dog
677644091929329666,,,Chihuahua
677565715327688705,,,basset
677557565589463040,,pupper,
677547928504967168,,,American_Staffordshire_terrier
677530072887205888,Axel,,Staffordshire_bullterrier
677334615166730240,gave,,Lakeland_terrier
677331501395156992,Humphrey,,beagle
677328882937298944,Derek,,
677314812125323265,Tassy,,Blenheim_spaniel
677301033169788928,Juckson,,Japanese_spaniel
677269281705472000,,pupper,Shetland_sheepdog
677187300187611136,,,English_setter
676975532580409345,Cooper,,malamute
676957860086095872,,,Labrador_retriever
676949632774234114,Tyrus,,Welsh_springer_spaniel
676946864479084545,goal,,Pekinese
676936541936185344,,pupper,Chesapeake_Bay_retriever
676864501615042560,Ash,,Chesapeake_Bay_retriever
676821958043033607,,,Great_Pyrenees
676819651066732545,,pupper,
676811746707918848,Penny,,Chihuahua
676617503762681856,,pupper,Chihuahua
676613908052996102,,,
676606785097199616,,,
676603393314578432,Godzilla,pupper,whippet
676588346097852417,Bubbles,,Boston_bull
676582956622721024,Vinnie,,
676575501977128964,,pupper,
676533798876651520,,,chow
676496375194980353,Griffin,,pug
676470639084101634,,pupper,golden_retriever
676440007570247681,,,Maltese_dog
676430933382295552,Duke,,golden_retriever
676263575653122048,,pupper,
676237365392908289,Winston,,French_bulldog
676219687039057920,Kenneth,,
676191832485810177,,,Chihuahua
676146341966438401,Bert,,Irish_water_spaniel
676101918813499392,Striker,,Shih-Tzu
676089483918516224,,,bull_mastiff
675898130735476737,,pupper,Labrador_retriever
675891555769696257,Donny,,Italian_greyhound
675888385639251968,,,West_Highland_white_terrier
675878199931371520,,,
675870721063669760,,,golden_retriever
675853064436391936,,,Labrador_retriever
675845657354215424,Pepper,pupper,pug
675822767435051008,,,Pomeranian
675820929667219457,,,basset
675798442703122432,Bernie,,beagle
675781562965868544,Buddah,,Maltese_dog
675740360753160193,,pupper,golden_retriever
675710890956750848,Lenny,,standard_schnauzer
675707330206547968,,,
675706639471788032,,,English_springer
675534494439489536,,,chow
675531475945709568,Ellie,,Pembroke
675522403582218240,Sammy,,cocker_spaniel
675517828909424640,,,Scottish_deerhound
675497103322386432,Reggie,,vizsla
675489971617296384,,,West_Highland_white_terrier
675432746517426176,,,Labrador_retriever
675372240448454658,,,Chihuahua
675362609739206656,Daisy,,Labrador_retriever
675354435921575936,,,
675349384339542016,,,borzoi
675334060156301312,,pupper,Pembroke
675166823650848770,Arnold,,
675149409102012420,,,chow
675147105808306176,,,golden_retriever
675146535592706048,Coops,,
675145476954566656,,,Labrador_retriever
675111688094527488,Oliver,,Labrador_retriever
675109292475830276,,,dalmatian
675047298674663426,,,Samoyed
675015141583413248,Moe,,
675006312288268288,Mollie,pupper,boxer
675003128568291329,Laela,,Pembroke
674999807681908736,,,Rottweiler
674805413498527744,,,English_springer
674800520222154752,Tedders,,Pembroke
674793399141146624,,,giant_schnauzer
674790488185167872,,,Labrador_retriever
674788554665512960,Maggie,,miniature_poodle
674774481756377088,Superpup,pupper,Chihuahua
674764817387900928,,,Samoyed
674752233200820224,,,vizsla
674743008475090944,Sophie,,Bernese_mountain_dog
674739953134403584,,,Dandie_Dinmont
674737130913071104,Rufio,pupper,Pomeranian
674670581682434048,Jeb,,malamute
674646392044941312,,,flat-coated_retriever
674644256330530816,,,
674638615994089473,,pupper,Pomeranian
674468880899788800,Louis,,chow
674447403907457024,,pupper,Brabancon_griffon
674436901579923456,Bailey,,
674422304705744896,Ava,,golden_retriever
674416750885273600,Jonah,,Chihuahua
674410619106390016,Lenny,,
674394782723014656,Gary,,
674291837063053312,Kenny,,Cardigan
674271431610523648,,,German_shepherd
674269164442398721,Bob,,pug
674262580978937856,Gus,pupper,Greater_Swiss_Mountain_dog
674255168825880576,Bobbay,,Eskimo_dog
674082852460433408,,,Pomeranian
674075285688614912,Mitch,,Airedale
674053186244734976,Stanley,,Cardigan
674051556661161984,Lucy,,Shih-Tzu
674042553264685056,,,toy_poodle
674038233588723717,Kaiya,pupper,Eskimo_dog
674036086168010753,Daisy,,toy_poodle
674024893172875264,,,Pomeranian
674019345211760640,Acro,,collie
674014384960745472,Aiden,,Pembroke
673956914389192708,,pupper,pug
673919437611909120,Obie,pupper,
673906403526995968,,,
673887867907739649,,,Brabancon_griffon
673711475735838725,,,Maltese_dog
673709992831262724,,,Chihuahua
673708611235921920,Riley,,golden_retriever
673707060090052608,Raymond,pupper,German_short-haired_pointer
673705679337693185,Dot,,Shih-Tzu
673689733134946305,,,Chesapeake_Bay_retriever
673688752737402881,Larry,,soft-coated_wheaten_terrier
673686845050527744,George,,Pekinese
673680198160809984,Shnuggles,,Samoyed
673662677122719744,Kendall,,Labrador_retriever
673656262056419329,Albert,pupper,bull_mastiff
673636718965334016,,,
673612854080196609,Jeffri,pupper,Newfoundland
673583129559498752,Sandy,,
673580926094458881,,,beagle
673359818736984064,Steve,,English_setter
673355879178194945,Koda,,Rottweiler
673352124999274496,,,golden_retriever
673350198937153538,Bella,,West_Highland_white_terrier
673345638550134785,Gerald,,
673343217010679808,,,Chihuahua
673342308415348736,Django,pupper,
673320132811366400,Frankie,,Samoyed
673317986296586240,,,miniature_pinscher
673295268553605120,Eve,pupper,golden_retriever
673270968295534593,Mac,,Shih-Tzu
673240798075449344,,,Airedale
673213039743795200,Dexter,,schipperke
672997845381865473,Kenzie,,chow
672995267319328768,Pumpkin,,French_bulldog
672988786805112832,Schnozz,pupper,Lakeland_terrier
672980819271634944,,,
672975131468300288,Chuckles,pupper,pug
672968025906282496,Gustaf,,toy_poodle
672964561327235073,Terry,,Chihuahua
672877615439593473,Oscar,,Chihuahua
672834301050937345,Ed,,Pembroke
672640509974827008,Leonidas,,Chesapeake_Bay_retriever
672622327801233409,pupper,pupper,golden_retriever
672604026190569472,,,toy_poodle
672594978741354496,Scott,pupper,Great_Pyrenees
672591762242805761,Taz,,kuvasz
672538107540070400,Darby,,
672523490734551040,,,golden_retriever
672488522314567680,Jackie,,Doberman
672482722825261057,light,,West_Highland_white_terrier
672481316919734272,Jazz,pupper,Border_collie
672466075045466113,Franq,,cocker_spaniel
672272411274932228,Pippin,,pug
672267570918129665,,,Irish_terrier
672264251789176834,Kreg,,Chihuahua
672254177670729728,Rolf,pupper,pug
672248013293752320,,,Irish_terrier
672245253877968896,Snickers,,Chihuahua
672239279297454080,Ridley,,pug
672222792075620352,Cal,,beagle
672205392827572224,Opal,pupper,
672169685991993344,Bradley,,cocker_spaniel
672160042234327040,Bubba,pupper,pug
672139350159835138,has,,Rottweiler
672125275208069120,,,
672095186491711488,Tuco,,pug
672082170312290304,Patch,,
672068090318987265,Gizmo,,pug
671896809300709376,Lola,,chow
671891728106971137,Mojo,,Labrador_retriever
671866342182637568,Dylan,,Labrador_retriever
671789708968640512,space,,dalmatian
671768281401958400,,,Chihuahua
671743150407421952,,,toy_poodle
671735591348891648,Oscar,,
671729906628341761,,,kuvasz
671561002136281088,,,Gordon_setter
671542985629241344,JD,,Shetland_sheepdog
671536543010570240,Reginald,,pug
671528761649688577,Jax,,Doberman
671520732782923777,Alejandro,,Pomeranian
671518598289059840,Scruffers,,Lakeland_terrier
671504605491109889,Charlie,,toy_poodle
671486386088865792,Malcolm,,German_shepherd
671485057807351808,Penelope,,Samoyed
671357843010908160,,,Italian_greyhound
671355857343524864,Lou,,miniature_poodle
671186162933985280,Sparky,,Chihuahua
671182547775299584,holds,,Rottweiler
671163268581498880,,,
671154572044468225,Holly,,Labrador_retriever
671151324042559489,,,Rottweiler
671147085991960577,,,Yorkshire_terrier
671141549288370177,,,
671138694582165504,,,Samoyed
671134062904504320,Clarence,,Shih-Tzu
671122204919246848,,,
671115716440031232,Phred,,malinois
671109016219725825,Toby,,basenji
670995969505435648,,,redbone
670840546554966016,Colby,,Shih-Tzu
670833812859932673,Jett,,Pekinese
670832455012716544,Amy,,malinois
670823764196741120,Remington,,Labrador_retriever
670822709593571328,,,
670815497391357952,Sage,,American_Staffordshire_terrier
670811965569282048,Maggie,,basset
670807719151067136,Andy,,Old_English_sheepdog
670804601705242624,Mason,,Pomeranian
670803562457407488,,,basenji
670797304698376195,Trigger,,Pembroke
670792680469889025,Antony,,
670789397210615808,,,beagle
670786190031921152,Creg,,
670782429121134593,slaps,,Chihuahua
670780561024270336,Traviss,,Labrador_retriever
670778058496974848,,,pug
670764103623966721,Vincent,,Norfolk_terrier
670755717859713024,Gin,,keeshond
670717338665226240,,,Pomeranian
670704688707301377,Danny,,Norwich_terrier
670691627984359425,Ester,,Shetland_sheepdog
670679630144274432,Pluto,,Ibizan_hound
670676092097810432,Bloo,,Dandie_Dinmont
670452855871037440,can't,,
670444955656130560,Paull,,English_springer
670442337873600512,Koda,,Sussex_spaniel
670435821946826752,,,
670434127938719744,Hank,,
670433248821026816,Sam,,
670428280563085312,Willy,,chow
670427002554466305,,,
670421925039075328,Herb,,Chihuahua
670411370698022913,Scooter,,Maltese_dog
670403879788544000,Nigel,,pug
670385711116361728,Larry,,whippet
670374371102445568,Daisy,,English_springer
670338931251150849,Butters,,cairn
670319130621435904,,,Irish_terrier
670303360680108032,,,Shetland_sheepdog
670290420111441920,Sandra,,Chihuahua
670093938074779648,Wally,,toy_poodle
670086499208155136,,,German_short-haired_pointer
670073503555706880,Winston,,malamute
670061506722140161,Liam,,Italian_greyhound
670046952931721218,Ben,,Blenheim_spaniel
670040295598354432,,,
670003130994700288,Raphael,,beagle
669993076832759809,Zoey,,
669970042633789440,Julio,,miniature_pinscher
669942763794931712,Andru,,vizsla
669926384437997569,,,Pomeranian
669753178989142016,Chester,,Pembroke
669683899023405056,Kloey,,Pomeranian
669680153564442624,Shawwn,,dalmatian
669625907762618368,Penny,,
669603084620980224,,,Maltese_dog
669597912108789760,Skye,,Eskimo_dog
669573570759163904,Linda,,West_Highland_white_terrier
669567591774625800,Kollin,,Chihuahua
669564461267722241,,,toy_poodle
669393256313184256,Ronduh,,cocker_spaniel
669375718304980992,Billl,,Airedale
669371483794317312,Oliviér,,Brabancon_griffon
669367896104181761,Chip,,basset
669363888236994561,,,golden_retriever
669359674819481600,Saydee,,Labrador_retriever
669354382627049472,Dug,,Chihuahua
669353438988365824,Tessa,,
669328503091937280,Kirk,,Siberian_husky
669327207240699904,,,golden_retriever
669324657376567296,Ralf,,
669216679721873412,Clarq,,golden_retriever
669203728096960512,Samsom,,pug
669037058363662336,,,Chihuahua
669006782128353280,Tucker,,Chihuahua
669000397445533696,Terrance,,Pembroke
668994913074286592,,,
668989615043424256,Bernie,,pug
668986018524233728,Ruby,,
668979806671884288,Chaz,,golden_retriever
668975677807423489,Jeremy,,basset
668960084974809088,Jaycob,,
668955713004314625,,,cocker_spaniel
668932921458302977,Herald,,standard_poodle
668902994700836864,Lambeau,,Brittany_spaniel
668892474547511297,Ruffles,,kelpie
668872652652679168,Amélie,,
668852170888998912,Bobb,,golden_retriever
668826086256599040,Banditt,,malinois
668815180734689280,,,redbone
668779399630725120,Kevon,,Chesapeake_Bay_retriever
668655139528511488,Winifred,,beagle
668641109086707712,Hanz,,
668636665813057536,,,komondor
668633411083464705,Churlie,,Pekinese
668631377374486528,Zeek,,miniature_schnauzer
668627278264475648,Timofy,,French_bulldog
668625577880875008,Maks,,
668623201287675904,Jomathan,,Chihuahua
668567822092664832,Marvin,,Shih-Tzu
668542336805281792,,,American_Staffordshire_terrier
668537837512433665,Spark,,Lakeland_terrier
668528771708952576,Gòrdón,,Labrador_retriever
668507509523615744,,,basenji
668496999348633600,Jo,,Staffordshire_bullterrier
668484198282485761,,,standard_poodle
668480044826800133,DayZ,,
668297328638447616,,,
668286279830867968,Rusty,,golden_retriever
668274247790391296,Sophie,,soft-coated_wheaten_terrier
668268907921326080,,,Pembroke
668256321989451776,Jareld,,
668248472370458624,Bisquick,,Chihuahua
668237644992782336,Torque,,chow
668221241640230912,,,chow
668204964695683073,Ron,,Labrador_retriever
668190681446379520,Skittles,,Blenheim_spaniel
668171859951755264,,,Chihuahua
668113020489474048,Alfie,,Pembroke
667924896115245057,Jiminy,,Labrador_retriever
667915453470232577,Otis,,
667902449697558528,Cleopatricia,,Norwegian_elkhound
667886921285246976,Erik,,Pomeranian
667885044254572545,Stu,,malamute
667878741721415682,Tedrick,,
667861340749471744,,,malamute
667832474953625600,,,miniature_pinscher
667806454573760512,Filup,,
667801013445750784,,,flat-coated_retriever
667793409583771648,,,dalmatian
667773195014021121,,,West_Highland_white_terrier
667728196545200128,Olive,,kuvasz
667546741521195010,,,toy_poodle
667544320556335104,Kial,,Pomeranian
667538891197542400,,,Yorkshire_terrier
667534815156183040,Frank,,Pembroke
667530908589760512,Naphaniel,,golden_retriever
667524857454854144,,,
667517642048163840,Dook,,Italian_greyhound
667509364010450944,Norwegian,,beagle
667502640335572993,Hall,,Labrador_retriever
667495797102141441,Philippe,,Chihuahua
667491009379606528,,,borzoi
667470559035432960,,,toy_poodle
667455448082227200,Reese,,Tibetan_terrier
667453023279554560,Cupcake,,Labrador_retriever
667435689202614272,,,Rottweiler
667405339315146752,Biden,,Saint_Bernard
667393430834667520,Fwed,,papillon
667211855547486208,Genevieve,,golden_retriever
667200525029539841,Joshwa,,Siberian_husky
667192066997374976,,,Rottweiler
667182792070062081,Timison,,golden_retriever
667177989038297088,,,vizsla
667176164155375616,,,soft-coated_wheaten_terrier
667174963120574464,Clarence,,toy_poodle
667171260800061440,Kenneth,,giant_schnauzer
667165590075940865,Churlie,,miniature_pinscher
667160273090932737,Bradlay,,golden_retriever
667152164079423490,Pipsy,,toy_poodle
667138269671505920,,,West_Highland_white_terrier
667119796878725120,Gabe,,Pembroke
667090893657276420,Clybe,,Chihuahua
667073648344346624,,,Chihuahua
667062181243039745,Keet,,Chesapeake_Bay_retriever
667044094246576128,,,golden_retriever
666996132027977728,Carll,,
666835007768551424,,,Airedale
666826780179869698,,,Maltese_dog
666817836334096384,Jeph,,miniature_schnauzer
666804364988780544,Jockson,,English_setter
666781792255496192,,,Italian_greyhound
666776908487630848,Josep,,
666739327293083650,Lugan,,miniature_poodle
666701168228331520,,,Labrador_retriever
666691418707132416,Christoper,,German_shepherd
666649482315059201,,,Border_collie
666644823164719104,Jimothy,,Ibizan_hound
666454714377183233,,,dalmatian
666447344410484738,Scout,,curly-coated_retriever
666437273139982337,,,Chihuahua
666435652385423360,,,Chesapeake_Bay_retriever
666430724426358785,,,
666428276349472768,,,Pembroke
666421158376562688,,,Blenheim_spaniel
666418789513326592,Walter,,toy_terrier
666407126856765440,,,black-and-tan_coonhound
666396247373291520,,,Chihuahua
666373753744588802,,,soft-coated_wheaten_terrier
666353288456101888,,,malamute
666345417576210432,,,golden_retriever
666337882303524864,,,
666287406224695296,,,Maltese_dog
666273097616637952,,,Italian_greyhound
666102155909144576,,,English_setter
666099513787052032,,,Lhasa
666094000022159362,,,bloodhound
666082916733198337,,,pug
666073100786774016,,,Walker_hound
666071193221509120,,,Gordon_setter
666063827256086533,,,golden_retriever
666058600524156928,,,miniature_poodle
666057090499244032,,,
666055525042405380,,,chow
666050758794694657,,,Bernese_mountain_dog
666049248165822465,,,miniature_pinscher
666044226329800704,,,Rhodesian_ridgeback
666033412701032449,,,German_shepherd
666029285002620928,,,redbone
666020888022790149,,,Welsh_springer_spaniel
